45,6,u1YqV+1T3Jq3B8gKbMDw+6bbLH4=,j5IX/i0f2r1dV6o3fAMCJp4wM5k=
45,7,u1YqV+1T3Jq3B8gKbMDw+6bbLH4=,j5IX/i0f2r1dV6o3fAMCJp4wM5k=
43,9,u1YqV+1T3Jq3B8gKbMDw+6bbLH4=,LBj51xTlOk1ONDn/giVsqB6fpQE=
42,8,u1YqV+1T3Jq3B8gKbMDw+6bbLH4=,LBj51xTlOk1ONDn/giVsqB6fpQE=
44,6,u1YqV+1T3Jq3B8gKbMDw+6bbLH4=,j5IX/i0f2r1dV6o3fAMCJp4wM5k=
42,6,u1YqV+1T3Jq3B8gKbMDw+6bbLH4=,26YO3lsX0oDOWFUR4GNu+wan040=
42,7,u1YqV+1T3Jq3B8gKbMDw+6bbLH4=,26YO3lsX0oDOWFUR4GNu+wan040=
44,7,u1YqV+1T3Jq3B8gKbMDw+6bbLH4=,j5IX/i0f2r1dV6o3fAMCJp4wM5k=
43,3,u1YqV+1T3Jq3B8gKbMDw+6bbLH4=,lcsyvwlJEc+ETB6z7UaZOwzPgDc=
44,3,u1YqV+1T3Jq3B8gKbMDw+6bbLH4=,tQCzRluBUD1qTsOkats5WmwtMyw=
43,6,u1YqV+1T3Jq3B8gKbMDw+6bbLH4=,26YO3lsX0oDOWFUR4GNu+wan040=
42,5,u1YqV+1T3Jq3B8gKbMDw+6bbLH4=,26YO3lsX0oDOWFUR4GNu+wan040=
43,7,u1YqV+1T3Jq3B8gKbMDw+6bbLH4=,26YO3lsX0oDOWFUR4GNu+wan040=
44,8,u1YqV+1T3Jq3B8gKbMDw+6bbLH4=,wFri4LaLmafAdhYlT63QID4QJI0=
43,5,u1YqV+1T3Jq3B8gKbMDw+6bbLH4=,26YO3lsX0oDOWFUR4GNu+wan040=
42,4,u1YqV+1T3Jq3B8gKbMDw+6bbLH4=,26YO3lsX0oDOWFUR4GNu+wan040=
43,8,u1YqV+1T3Jq3B8gKbMDw+6bbLH4=,LBj51xTlOk1ONDn/giVsqB6fpQE=
42,3,u1YqV+1T3Jq3B8gKbMDw+6bbLH4=,lcsyvwlJEc+ETB6z7UaZOwzPgDc=
45,8,u1YqV+1T3Jq3B8gKbMDw+6bbLH4=,wFri4LaLmafAdhYlT63QID4QJI0=
45,4,u1YqV+1T3Jq3B8gKbMDw+6bbLH4=,j5IX/i0f2r1dV6o3fAMCJp4wM5k=
42,9,u1YqV+1T3Jq3B8gKbMDw+6bbLH4=,LBj51xTlOk1ONDn/giVsqB6fpQE=
43,4,u1YqV+1T3Jq3B8gKbMDw+6bbLH4=,26YO3lsX0oDOWFUR4GNu+wan040=
44,5,u1YqV+1T3Jq3B8gKbMDw+6bbLH4=,j5IX/i0f2r1dV6o3fAMCJp4wM5k=
43,2,u1YqV+1T3Jq3B8gKbMDw+6bbLH4=,lcsyvwlJEc+ETB6z7UaZOwzPgDc=
45,5,u1YqV+1T3Jq3B8gKbMDw+6bbLH4=,j5IX/i0f2r1dV6o3fAMCJp4wM5k=
44,2,u1YqV+1T3Jq3B8gKbMDw+6bbLH4=,tQCzRluBUD1qTsOkats5WmwtMyw=
42,2,u1YqV+1T3Jq3B8gKbMDw+6bbLH4=,lcsyvwlJEc+ETB6z7UaZOwzPgDc=
44,4,u1YqV+1T3Jq3B8gKbMDw+6bbLH4=,j5IX/i0f2r1dV6o3fAMCJp4wM5k=
45,3,u1YqV+1T3Jq3B8gKbMDw+6bbLH4=,tQCzRluBUD1qTsOkats5WmwtMyw=
45,2,u1YqV+1T3Jq3B8gKbMDw+6bbLH4=,tQCzRluBUD1qTsOkats5WmwtMyw=
45,9,u1YqV+1T3Jq3B8gKbMDw+6bbLH4=,wFri4LaLmafAdhYlT63QID4QJI0=
44,9,u1YqV+1T3Jq3B8gKbMDw+6bbLH4=,wFri4LaLmafAdhYlT63QID4QJI0=
41,7,u1YqV+1T3Jq3B8gKbMDw+6bbLH4=,26YO3lsX0oDOWFUR4GNu+wan040=
38,9,u1YqV+1T3Jq3B8gKbMDw+6bbLH4=,WzQnEJCgBF/wD/JV1sBdsu4Xc2o=
38,6,u1YqV+1T3Jq3B8gKbMDw+6bbLH4=,Dwif+NLCGxF2tRKl9xfWutkY8Ow=
41,8,u1YqV+1T3Jq3B8gKbMDw+6bbLH4=,LBj51xTlOk1ONDn/giVsqB6fpQE=
40,7,u1YqV+1T3Jq3B8gKbMDw+6bbLH4=,26YO3lsX0oDOWFUR4GNu+wan040=
39,9,u1YqV+1T3Jq3B8gKbMDw+6bbLH4=,WzQnEJCgBF/wD/JV1sBdsu4Xc2o=
40,9,u1YqV+1T3Jq3B8gKbMDw+6bbLH4=,LBj51xTlOk1ONDn/giVsqB6fpQE=
38,7,u1YqV+1T3Jq3B8gKbMDw+6bbLH4=,Dwif+NLCGxF2tRKl9xfWutkY8Ow=
38,8,u1YqV+1T3Jq3B8gKbMDw+6bbLH4=,WzQnEJCgBF/wD/JV1sBdsu4Xc2o=
41,6,u1YqV+1T3Jq3B8gKbMDw+6bbLH4=,26YO3lsX0oDOWFUR4GNu+wan040=
40,6,u1YqV+1T3Jq3B8gKbMDw+6bbLH4=,26YO3lsX0oDOWFUR4GNu+wan040=
39,7,u1YqV+1T3Jq3B8gKbMDw+6bbLH4=,Dwif+NLCGxF2tRKl9xfWutkY8Ow=
39,6,u1YqV+1T3Jq3B8gKbMDw+6bbLH4=,Dwif+NLCGxF2tRKl9xfWutkY8Ow=
40,8,u1YqV+1T3Jq3B8gKbMDw+6bbLH4=,LBj51xTlOk1ONDn/giVsqB6fpQE=
41,9,u1YqV+1T3Jq3B8gKbMDw+6bbLH4=,LBj51xTlOk1ONDn/giVsqB6fpQE=
39,8,u1YqV+1T3Jq3B8gKbMDw+6bbLH4=,WzQnEJCgBF/wD/JV1sBdsu4Xc2o=
40,3,u1YqV+1T3Jq3B8gKbMDw+6bbLH4=,lcsyvwlJEc+ETB6z7UaZOwzPgDc=
40,5,u1YqV+1T3Jq3B8gKbMDw+6bbLH4=,26YO3lsX0oDOWFUR4GNu+wan040=
38,4,u1YqV+1T3Jq3B8gKbMDw+6bbLH4=,Dwif+NLCGxF2tRKl9xfWutkY8Ow=
38,5,u1YqV+1T3Jq3B8gKbMDw+6bbLH4=,Dwif+NLCGxF2tRKl9xfWutkY8Ow=
40,4,u1YqV+1T3Jq3B8gKbMDw+6bbLH4=,26YO3lsX0oDOWFUR4GNu+wan040=
41,5,u1YqV+1T3Jq3B8gKbMDw+6bbLH4=,26YO3lsX0oDOWFUR4GNu+wan040=
39,3,u1YqV+1T3Jq3B8gKbMDw+6bbLH4=,cEqtx/QKk/VYWreUKx1Lhr93Cq8=
39,2,u1YqV+1T3Jq3B8gKbMDw+6bbLH4=,cEqtx/QKk/VYWreUKx1Lhr93Cq8=
41,3,u1YqV+1T3Jq3B8gKbMDw+6bbLH4=,lcsyvwlJEc+ETB6z7UaZOwzPgDc=
41,4,u1YqV+1T3Jq3B8gKbMDw+6bbLH4=,26YO3lsX0oDOWFUR4GNu+wan040=
39,4,u1YqV+1T3Jq3B8gKbMDw+6bbLH4=,Dwif+NLCGxF2tRKl9xfWutkY8Ow=
38,3,u1YqV+1T3Jq3B8gKbMDw+6bbLH4=,cEqtx/QKk/VYWreUKx1Lhr93Cq8=
39,5,u1YqV+1T3Jq3B8gKbMDw+6bbLH4=,Dwif+NLCGxF2tRKl9xfWutkY8Ow=
40,2,u1YqV+1T3Jq3B8gKbMDw+6bbLH4=,lcsyvwlJEc+ETB6z7UaZOwzPgDc=
41,2,u1YqV+1T3Jq3B8gKbMDw+6bbLH4=,lcsyvwlJEc+ETB6z7UaZOwzPgDc=
38,2,u1YqV+1T3Jq3B8gKbMDw+6bbLH4=,cEqtx/QKk/VYWreUKx1Lhr93Cq8=
35,9,u1YqV+1T3Jq3B8gKbMDw+6bbLH4=,YZNiM7CeGWBSZ0uHwnRVr4XHcAE=
35,6,u1YqV+1T3Jq3B8gKbMDw+6bbLH4=,UFNG2FdEDYMMLutiegvYed3LdJg=
37,6,u1YqV+1T3Jq3B8gKbMDw+6bbLH4=,Dwif+NLCGxF2tRKl9xfWutkY8Ow=
36,9,u1YqV+1T3Jq3B8gKbMDw+6bbLH4=,WzQnEJCgBF/wD/JV1sBdsu4Xc2o=
35,7,u1YqV+1T3Jq3B8gKbMDw+6bbLH4=,UFNG2FdEDYMMLutiegvYed3LdJg=
36,6,u1YqV+1T3Jq3B8gKbMDw+6bbLH4=,Dwif+NLCGxF2tRKl9xfWutkY8Ow=
36,7,u1YqV+1T3Jq3B8gKbMDw+6bbLH4=,Dwif+NLCGxF2tRKl9xfWutkY8Ow=
37,9,u1YqV+1T3Jq3B8gKbMDw+6bbLH4=,WzQnEJCgBF/wD/JV1sBdsu4Xc2o=
34,7,u1YqV+1T3Jq3B8gKbMDw+6bbLH4=,UFNG2FdEDYMMLutiegvYed3LdJg=
37,8,u1YqV+1T3Jq3B8gKbMDw+6bbLH4=,WzQnEJCgBF/wD/JV1sBdsu4Xc2o=
34,9,u1YqV+1T3Jq3B8gKbMDw+6bbLH4=,YZNiM7CeGWBSZ0uHwnRVr4XHcAE=
37,7,u1YqV+1T3Jq3B8gKbMDw+6bbLH4=,Dwif+NLCGxF2tRKl9xfWutkY8Ow=
36,8,u1YqV+1T3Jq3B8gKbMDw+6bbLH4=,WzQnEJCgBF/wD/JV1sBdsu4Xc2o=
34,6,u1YqV+1T3Jq3B8gKbMDw+6bbLH4=,UFNG2FdEDYMMLutiegvYed3LdJg=
35,8,u1YqV+1T3Jq3B8gKbMDw+6bbLH4=,YZNiM7CeGWBSZ0uHwnRVr4XHcAE=
34,8,u1YqV+1T3Jq3B8gKbMDw+6bbLH4=,YZNiM7CeGWBSZ0uHwnRVr4XHcAE=
37,15,u1YqV+1T3Jq3B8gKbMDw+6bbLH4=,h9ziPu+jPvua7gu3xdD7bEDiAAc=
37,11,u1YqV+1T3Jq3B8gKbMDw+6bbLH4=,WzQnEJCgBF/wD/JV1sBdsu4Xc2o=
37,10,u1YqV+1T3Jq3B8gKbMDw+6bbLH4=,WzQnEJCgBF/wD/JV1sBdsu4Xc2o=
37,12,u1YqV+1T3Jq3B8gKbMDw+6bbLH4=,h9ziPu+jPvua7gu3xdD7bEDiAAc=
35,14,u1YqV+1T3Jq3B8gKbMDw+6bbLH4=,reSoAN9Oi0WM74SzBF/OHNUUSC4=
34,15,u1YqV+1T3Jq3B8gKbMDw+6bbLH4=,reSoAN9Oi0WM74SzBF/OHNUUSC4=
34,14,u1YqV+1T3Jq3B8gKbMDw+6bbLH4=,reSoAN9Oi0WM74SzBF/OHNUUSC4=
35,12,u1YqV+1T3Jq3B8gKbMDw+6bbLH4=,reSoAN9Oi0WM74SzBF/OHNUUSC4=
35,15,u1YqV+1T3Jq3B8gKbMDw+6bbLH4=,reSoAN9Oi0WM74SzBF/OHNUUSC4=
36,15,u1YqV+1T3Jq3B8gKbMDw+6bbLH4=,h9ziPu+jPvua7gu3xdD7bEDiAAc=
36,10,u1YqV+1T3Jq3B8gKbMDw+6bbLH4=,WzQnEJCgBF/wD/JV1sBdsu4Xc2o=
36,14,u1YqV+1T3Jq3B8gKbMDw+6bbLH4=,h9ziPu+jPvua7gu3xdD7bEDiAAc=
37,14,u1YqV+1T3Jq3B8gKbMDw+6bbLH4=,h9ziPu+jPvua7gu3xdD7bEDiAAc=
35,10,u1YqV+1T3Jq3B8gKbMDw+6bbLH4=,YZNiM7CeGWBSZ0uHwnRVr4XHcAE=
36,12,u1YqV+1T3Jq3B8gKbMDw+6bbLH4=,h9ziPu+jPvua7gu3xdD7bEDiAAc=
34,10,u1YqV+1T3Jq3B8gKbMDw+6bbLH4=,YZNiM7CeGWBSZ0uHwnRVr4XHcAE=
35,11,u1YqV+1T3Jq3B8gKbMDw+6bbLH4=,YZNiM7CeGWBSZ0uHwnRVr4XHcAE=
37,13,u1YqV+1T3Jq3B8gKbMDw+6bbLH4=,h9ziPu+jPvua7gu3xdD7bEDiAAc=
36,11,u1YqV+1T3Jq3B8gKbMDw+6bbLH4=,WzQnEJCgBF/wD/JV1sBdsu4Xc2o=
35,3,u1YqV+1T3Jq3B8gKbMDw+6bbLH4=,CefE9GZ2sdXndospVHOz+mgf0Js=
34,3,u1YqV+1T3Jq3B8gKbMDw+6bbLH4=,CefE9GZ2sdXndospVHOz+mgf0Js=
37,5,u1YqV+1T3Jq3B8gKbMDw+6bbLH4=,Dwif+NLCGxF2tRKl9xfWutkY8Ow=
35,13,u1YqV+1T3Jq3B8gKbMDw+6bbLH4=,reSoAN9Oi0WM74SzBF/OHNUUSC4=
37,4,u1YqV+1T3Jq3B8gKbMDw+6bbLH4=,Dwif+NLCGxF2tRKl9xfWutkY8Ow=
35,4,u1YqV+1T3Jq3B8gKbMDw+6bbLH4=,UFNG2FdEDYMMLutiegvYed3LdJg=
36,13,u1YqV+1T3Jq3B8gKbMDw+6bbLH4=,h9ziPu+jPvua7gu3xdD7bEDiAAc=
37,3,u1YqV+1T3Jq3B8gKbMDw+6bbLH4=,cEqtx/QKk/VYWreUKx1Lhr93Cq8=
34,11,u1YqV+1T3Jq3B8gKbMDw+6bbLH4=,YZNiM7CeGWBSZ0uHwnRVr4XHcAE=
34,12,u1YqV+1T3Jq3B8gKbMDw+6bbLH4=,reSoAN9Oi0WM74SzBF/OHNUUSC4=
34,13,u1YqV+1T3Jq3B8gKbMDw+6bbLH4=,reSoAN9Oi0WM74SzBF/OHNUUSC4=
34,5,u1YqV+1T3Jq3B8gKbMDw+6bbLH4=,UFNG2FdEDYMMLutiegvYed3LdJg=
36,2,u1YqV+1T3Jq3B8gKbMDw+6bbLH4=,cEqtx/QKk/VYWreUKx1Lhr93Cq8=
35,2,u1YqV+1T3Jq3B8gKbMDw+6bbLH4=,CefE9GZ2sdXndospVHOz+mgf0Js=
36,3,u1YqV+1T3Jq3B8gKbMDw+6bbLH4=,cEqtx/QKk/VYWreUKx1Lhr93Cq8=
36,4,u1YqV+1T3Jq3B8gKbMDw+6bbLH4=,Dwif+NLCGxF2tRKl9xfWutkY8Ow=
35,5,u1YqV+1T3Jq3B8gKbMDw+6bbLH4=,UFNG2FdEDYMMLutiegvYed3LdJg=
34,4,u1YqV+1T3Jq3B8gKbMDw+6bbLH4=,UFNG2FdEDYMMLutiegvYed3LdJg=
34,2,u1YqV+1T3Jq3B8gKbMDw+6bbLH4=,CefE9GZ2sdXndospVHOz+mgf0Js=
37,2,u1YqV+1T3Jq3B8gKbMDw+6bbLH4=,cEqtx/QKk/VYWreUKx1Lhr93Cq8=
36,5,u1YqV+1T3Jq3B8gKbMDw+6bbLH4=,Dwif+NLCGxF2tRKl9xfWutkY8Ow=
32,5,VEZ2LLZPE9Rfj/ZWQC2eSPgSc4M=,UFNG2FdEDYMMLutiegvYed3LdJg=
32,4,VEZ2LLZPE9Rfj/ZWQC2eSPgSc4M=,UFNG2FdEDYMMLutiegvYed3LdJg=
32,3,VEZ2LLZPE9Rfj/ZWQC2eSPgSc4M=,CefE9GZ2sdXndospVHOz+mgf0Js=
33,5,VEZ2LLZPE9Rfj/ZWQC2eSPgSc4M=,UFNG2FdEDYMMLutiegvYed3LdJg=
33,4,VEZ2LLZPE9Rfj/ZWQC2eSPgSc4M=,UFNG2FdEDYMMLutiegvYed3LdJg=
33,3,VEZ2LLZPE9Rfj/ZWQC2eSPgSc4M=,CefE9GZ2sdXndospVHOz+mgf0Js=
33,2,VEZ2LLZPE9Rfj/ZWQC2eSPgSc4M=,CefE9GZ2sdXndospVHOz+mgf0Js=
41,0,VEZ2LLZPE9Rfj/ZWQC2eSPgSc4M=,lcsyvwlJEc+ETB6z7UaZOwzPgDc=
39,1,VEZ2LLZPE9Rfj/ZWQC2eSPgSc4M=,cEqtx/QKk/VYWreUKx1Lhr93Cq8=
32,2,VEZ2LLZPE9Rfj/ZWQC2eSPgSc4M=,CefE9GZ2sdXndospVHOz+mgf0Js=
40,0,VEZ2LLZPE9Rfj/ZWQC2eSPgSc4M=,lcsyvwlJEc+ETB6z7UaZOwzPgDc=
35,0,VEZ2LLZPE9Rfj/ZWQC2eSPgSc4M=,CefE9GZ2sdXndospVHOz+mgf0Js=
40,1,VEZ2LLZPE9Rfj/ZWQC2eSPgSc4M=,lcsyvwlJEc+ETB6z7UaZOwzPgDc=
37,0,VEZ2LLZPE9Rfj/ZWQC2eSPgSc4M=,cEqtx/QKk/VYWreUKx1Lhr93Cq8=
41,1,VEZ2LLZPE9Rfj/ZWQC2eSPgSc4M=,lcsyvwlJEc+ETB6z7UaZOwzPgDc=
36,0,VEZ2LLZPE9Rfj/ZWQC2eSPgSc4M=,cEqtx/QKk/VYWreUKx1Lhr93Cq8=
38,1,VEZ2LLZPE9Rfj/ZWQC2eSPgSc4M=,cEqtx/QKk/VYWreUKx1Lhr93Cq8=
35,1,VEZ2LLZPE9Rfj/ZWQC2eSPgSc4M=,CefE9GZ2sdXndospVHOz+mgf0Js=
37,1,VEZ2LLZPE9Rfj/ZWQC2eSPgSc4M=,cEqtx/QKk/VYWreUKx1Lhr93Cq8=
39,0,VEZ2LLZPE9Rfj/ZWQC2eSPgSc4M=,cEqtx/QKk/VYWreUKx1Lhr93Cq8=
34,1,VEZ2LLZPE9Rfj/ZWQC2eSPgSc4M=,CefE9GZ2sdXndospVHOz+mgf0Js=
36,1,VEZ2LLZPE9Rfj/ZWQC2eSPgSc4M=,cEqtx/QKk/VYWreUKx1Lhr93Cq8=
38,0,VEZ2LLZPE9Rfj/ZWQC2eSPgSc4M=,cEqtx/QKk/VYWreUKx1Lhr93Cq8=
47,12,VEZ2LLZPE9Rfj/ZWQC2eSPgSc4M=,M6W//BI8gPNcGzcdD0GWokKXcOE=
47,13,VEZ2LLZPE9Rfj/ZWQC2eSPgSc4M=,M6W//BI8gPNcGzcdD0GWokKXcOE=
47,14,VEZ2LLZPE9Rfj/ZWQC2eSPgSc4M=,M6W//BI8gPNcGzcdD0GWokKXcOE=
47,15,VEZ2LLZPE9Rfj/ZWQC2eSPgSc4M=,M6W//BI8gPNcGzcdD0GWokKXcOE=
46,12,VEZ2LLZPE9Rfj/ZWQC2eSPgSc4M=,M6W//BI8gPNcGzcdD0GWokKXcOE=
46,14,VEZ2LLZPE9Rfj/ZWQC2eSPgSc4M=,M6W//BI8gPNcGzcdD0GWokKXcOE=
46,13,VEZ2LLZPE9Rfj/ZWQC2eSPgSc4M=,M6W//BI8gPNcGzcdD0GWokKXcOE=
34,0,VEZ2LLZPE9Rfj/ZWQC2eSPgSc4M=,CefE9GZ2sdXndospVHOz+mgf0Js=
46,15,VEZ2LLZPE9Rfj/ZWQC2eSPgSc4M=,M6W//BI8gPNcGzcdD0GWokKXcOE=
47,11,VEZ2LLZPE9Rfj/ZWQC2eSPgSc4M=,wFri4LaLmafAdhYlT63QID4QJI0=
46,11,VEZ2LLZPE9Rfj/ZWQC2eSPgSc4M=,wFri4LaLmafAdhYlT63QID4QJI0=
47,10,VEZ2LLZPE9Rfj/ZWQC2eSPgSc4M=,wFri4LaLmafAdhYlT63QID4QJI0=
46,10,VEZ2LLZPE9Rfj/ZWQC2eSPgSc4M=,wFri4LaLmafAdhYlT63QID4QJI0=
46,5,VEZ2LLZPE9Rfj/ZWQC2eSPgSc4M=,j5IX/i0f2r1dV6o3fAMCJp4wM5k=
46,4,VEZ2LLZPE9Rfj/ZWQC2eSPgSc4M=,j5IX/i0f2r1dV6o3fAMCJp4wM5k=
32,15,VEZ2LLZPE9Rfj/ZWQC2eSPgSc4M=,reSoAN9Oi0WM74SzBF/OHNUUSC4=
46,6,VEZ2LLZPE9Rfj/ZWQC2eSPgSc4M=,j5IX/i0f2r1dV6o3fAMCJp4wM5k=
33,15,VEZ2LLZPE9Rfj/ZWQC2eSPgSc4M=,reSoAN9Oi0WM74SzBF/OHNUUSC4=
47,9,VEZ2LLZPE9Rfj/ZWQC2eSPgSc4M=,wFri4LaLmafAdhYlT63QID4QJI0=
33,14,VEZ2LLZPE9Rfj/ZWQC2eSPgSc4M=,reSoAN9Oi0WM74SzBF/OHNUUSC4=
46,2,VEZ2LLZPE9Rfj/ZWQC2eSPgSc4M=,tQCzRluBUD1qTsOkats5WmwtMyw=
47,5,VEZ2LLZPE9Rfj/ZWQC2eSPgSc4M=,j5IX/i0f2r1dV6o3fAMCJp4wM5k=
46,3,VEZ2LLZPE9Rfj/ZWQC2eSPgSc4M=,tQCzRluBUD1qTsOkats5WmwtMyw=
47,3,VEZ2LLZPE9Rfj/ZWQC2eSPgSc4M=,tQCzRluBUD1qTsOkats5WmwtMyw=
47,4,VEZ2LLZPE9Rfj/ZWQC2eSPgSc4M=,j5IX/i0f2r1dV6o3fAMCJp4wM5k=
47,2,VEZ2LLZPE9Rfj/ZWQC2eSPgSc4M=,tQCzRluBUD1qTsOkats5WmwtMyw=
47,8,VEZ2LLZPE9Rfj/ZWQC2eSPgSc4M=,wFri4LaLmafAdhYlT63QID4QJI0=
47,6,VEZ2LLZPE9Rfj/ZWQC2eSPgSc4M=,j5IX/i0f2r1dV6o3fAMCJp4wM5k=
32,14,VEZ2LLZPE9Rfj/ZWQC2eSPgSc4M=,reSoAN9Oi0WM74SzBF/OHNUUSC4=
43,0,VEZ2LLZPE9Rfj/ZWQC2eSPgSc4M=,lcsyvwlJEc+ETB6z7UaZOwzPgDc=
43,1,VEZ2LLZPE9Rfj/ZWQC2eSPgSc4M=,lcsyvwlJEc+ETB6z7UaZOwzPgDc=
42,0,VEZ2LLZPE9Rfj/ZWQC2eSPgSc4M=,lcsyvwlJEc+ETB6z7UaZOwzPgDc=
46,7,VEZ2LLZPE9Rfj/ZWQC2eSPgSc4M=,j5IX/i0f2r1dV6o3fAMCJp4wM5k=
45,1,VEZ2LLZPE9Rfj/ZWQC2eSPgSc4M=,tQCzRluBUD1qTsOkats5WmwtMyw=
46,9,VEZ2LLZPE9Rfj/ZWQC2eSPgSc4M=,wFri4LaLmafAdhYlT63QID4QJI0=
47,7,VEZ2LLZPE9Rfj/ZWQC2eSPgSc4M=,j5IX/i0f2r1dV6o3fAMCJp4wM5k=
42,1,VEZ2LLZPE9Rfj/ZWQC2eSPgSc4M=,lcsyvwlJEc+ETB6z7UaZOwzPgDc=
44,1,VEZ2LLZPE9Rfj/ZWQC2eSPgSc4M=,tQCzRluBUD1qTsOkats5WmwtMyw=
47,0,VEZ2LLZPE9Rfj/ZWQC2eSPgSc4M=,tQCzRluBUD1qTsOkats5WmwtMyw=
44,0,VEZ2LLZPE9Rfj/ZWQC2eSPgSc4M=,tQCzRluBUD1qTsOkats5WmwtMyw=
46,8,VEZ2LLZPE9Rfj/ZWQC2eSPgSc4M=,wFri4LaLmafAdhYlT63QID4QJI0=
33,11,VEZ2LLZPE9Rfj/ZWQC2eSPgSc4M=,YZNiM7CeGWBSZ0uHwnRVr4XHcAE=
32,9,VEZ2LLZPE9Rfj/ZWQC2eSPgSc4M=,YZNiM7CeGWBSZ0uHwnRVr4XHcAE=
33,8,VEZ2LLZPE9Rfj/ZWQC2eSPgSc4M=,YZNiM7CeGWBSZ0uHwnRVr4XHcAE=
33,10,VEZ2LLZPE9Rfj/ZWQC2eSPgSc4M=,YZNiM7CeGWBSZ0uHwnRVr4XHcAE=
47,1,VEZ2LLZPE9Rfj/ZWQC2eSPgSc4M=,tQCzRluBUD1qTsOkats5WmwtMyw=
33,9,VEZ2LLZPE9Rfj/ZWQC2eSPgSc4M=,YZNiM7CeGWBSZ0uHwnRVr4XHcAE=
46,1,VEZ2LLZPE9Rfj/ZWQC2eSPgSc4M=,tQCzRluBUD1qTsOkats5WmwtMyw=
32,7,VEZ2LLZPE9Rfj/ZWQC2eSPgSc4M=,UFNG2FdEDYMMLutiegvYed3LdJg=
33,12,VEZ2LLZPE9Rfj/ZWQC2eSPgSc4M=,reSoAN9Oi0WM74SzBF/OHNUUSC4=
32,8,VEZ2LLZPE9Rfj/ZWQC2eSPgSc4M=,YZNiM7CeGWBSZ0uHwnRVr4XHcAE=
32,6,VEZ2LLZPE9Rfj/ZWQC2eSPgSc4M=,UFNG2FdEDYMMLutiegvYed3LdJg=
33,6,VEZ2LLZPE9Rfj/ZWQC2eSPgSc4M=,UFNG2FdEDYMMLutiegvYed3LdJg=
32,11,VEZ2LLZPE9Rfj/ZWQC2eSPgSc4M=,YZNiM7CeGWBSZ0uHwnRVr4XHcAE=
32,13,VEZ2LLZPE9Rfj/ZWQC2eSPgSc4M=,reSoAN9Oi0WM74SzBF/OHNUUSC4=
45,0,VEZ2LLZPE9Rfj/ZWQC2eSPgSc4M=,tQCzRluBUD1qTsOkats5WmwtMyw=
46,0,VEZ2LLZPE9Rfj/ZWQC2eSPgSc4M=,tQCzRluBUD1qTsOkats5WmwtMyw=
42,15,VEZ2LLZPE9Rfj/ZWQC2eSPgSc4M=,FHfAqGDrm2fv0E1PcopRFZpG3ck=
32,10,VEZ2LLZPE9Rfj/ZWQC2eSPgSc4M=,YZNiM7CeGWBSZ0uHwnRVr4XHcAE=
32,12,VEZ2LLZPE9Rfj/ZWQC2eSPgSc4M=,reSoAN9Oi0WM74SzBF/OHNUUSC4=
43,15,VEZ2LLZPE9Rfj/ZWQC2eSPgSc4M=,FHfAqGDrm2fv0E1PcopRFZpG3ck=
33,7,VEZ2LLZPE9Rfj/ZWQC2eSPgSc4M=,UFNG2FdEDYMMLutiegvYed3LdJg=
33,13,VEZ2LLZPE9Rfj/ZWQC2eSPgSc4M=,reSoAN9Oi0WM74SzBF/OHNUUSC4=
45,12,VEZ2LLZPE9Rfj/ZWQC2eSPgSc4M=,M6W//BI8gPNcGzcdD0GWokKXcOE=
32,0,VEZ2LLZPE9Rfj/ZWQC2eSPgSc4M=,CefE9GZ2sdXndospVHOz+mgf0Js=
44,11,VEZ2LLZPE9Rfj/ZWQC2eSPgSc4M=,wFri4LaLmafAdhYlT63QID4QJI0=
45,14,VEZ2LLZPE9Rfj/ZWQC2eSPgSc4M=,M6W//BI8gPNcGzcdD0GWokKXcOE=
41,15,VEZ2LLZPE9Rfj/ZWQC2eSPgSc4M=,FHfAqGDrm2fv0E1PcopRFZpG3ck=
44,13,VEZ2LLZPE9Rfj/ZWQC2eSPgSc4M=,M6W//BI8gPNcGzcdD0GWokKXcOE=
45,13,VEZ2LLZPE9Rfj/ZWQC2eSPgSc4M=,M6W//BI8gPNcGzcdD0GWokKXcOE=
44,15,VEZ2LLZPE9Rfj/ZWQC2eSPgSc4M=,M6W//BI8gPNcGzcdD0GWokKXcOE=
45,15,VEZ2LLZPE9Rfj/ZWQC2eSPgSc4M=,M6W//BI8gPNcGzcdD0GWokKXcOE=
45,11,VEZ2LLZPE9Rfj/ZWQC2eSPgSc4M=,wFri4LaLmafAdhYlT63QID4QJI0=
41,10,VEZ2LLZPE9Rfj/ZWQC2eSPgSc4M=,LBj51xTlOk1ONDn/giVsqB6fpQE=
39,14,VEZ2LLZPE9Rfj/ZWQC2eSPgSc4M=,h9ziPu+jPvua7gu3xdD7bEDiAAc=
42,14,VEZ2LLZPE9Rfj/ZWQC2eSPgSc4M=,FHfAqGDrm2fv0E1PcopRFZpG3ck=
33,0,VEZ2LLZPE9Rfj/ZWQC2eSPgSc4M=,CefE9GZ2sdXndospVHOz+mgf0Js=
43,14,VEZ2LLZPE9Rfj/ZWQC2eSPgSc4M=,FHfAqGDrm2fv0E1PcopRFZpG3ck=
42,10,VEZ2LLZPE9Rfj/ZWQC2eSPgSc4M=,LBj51xTlOk1ONDn/giVsqB6fpQE=
40,12,VEZ2LLZPE9Rfj/ZWQC2eSPgSc4M=,FHfAqGDrm2fv0E1PcopRFZpG3ck=
44,10,VEZ2LLZPE9Rfj/ZWQC2eSPgSc4M=,wFri4LaLmafAdhYlT63QID4QJI0=
38,10,VEZ2LLZPE9Rfj/ZWQC2eSPgSc4M=,WzQnEJCgBF/wD/JV1sBdsu4Xc2o=
44,14,VEZ2LLZPE9Rfj/ZWQC2eSPgSc4M=,M6W//BI8gPNcGzcdD0GWokKXcOE=
40,14,VEZ2LLZPE9Rfj/ZWQC2eSPgSc4M=,FHfAqGDrm2fv0E1PcopRFZpG3ck=
38,13,VEZ2LLZPE9Rfj/ZWQC2eSPgSc4M=,h9ziPu+jPvua7gu3xdD7bEDiAAc=
32,1,VEZ2LLZPE9Rfj/ZWQC2eSPgSc4M=,CefE9GZ2sdXndospVHOz+mgf0Js=
39,10,VEZ2LLZPE9Rfj/ZWQC2eSPgSc4M=,WzQnEJCgBF/wD/JV1sBdsu4Xc2o=
38,14,VEZ2LLZPE9Rfj/ZWQC2eSPgSc4M=,h9ziPu+jPvua7gu3xdD7bEDiAAc=
38,11,VEZ2LLZPE9Rfj/ZWQC2eSPgSc4M=,WzQnEJCgBF/wD/JV1sBdsu4Xc2o=
40,10,VEZ2LLZPE9Rfj/ZWQC2eSPgSc4M=,LBj51xTlOk1ONDn/giVsqB6fpQE=
38,12,VEZ2LLZPE9Rfj/ZWQC2eSPgSc4M=,h9ziPu+jPvua7gu3xdD7bEDiAAc=
40,11,VEZ2LLZPE9Rfj/ZWQC2eSPgSc4M=,LBj51xTlOk1ONDn/giVsqB6fpQE=
33,1,VEZ2LLZPE9Rfj/ZWQC2eSPgSc4M=,CefE9GZ2sdXndospVHOz+mgf0Js=
38,15,VEZ2LLZPE9Rfj/ZWQC2eSPgSc4M=,h9ziPu+jPvua7gu3xdD7bEDiAAc=
42,13,VEZ2LLZPE9Rfj/ZWQC2eSPgSc4M=,FHfAqGDrm2fv0E1PcopRFZpG3ck=
41,14,VEZ2LLZPE9Rfj/ZWQC2eSPgSc4M=,FHfAqGDrm2fv0E1PcopRFZpG3ck=
43,13,VEZ2LLZPE9Rfj/ZWQC2eSPgSc4M=,FHfAqGDrm2fv0E1PcopRFZpG3ck=
44,12,VEZ2LLZPE9Rfj/ZWQC2eSPgSc4M=,M6W//BI8gPNcGzcdD0GWokKXcOE=
43,12,VEZ2LLZPE9Rfj/ZWQC2eSPgSc4M=,FHfAqGDrm2fv0E1PcopRFZpG3ck=
43,10,VEZ2LLZPE9Rfj/ZWQC2eSPgSc4M=,LBj51xTlOk1ONDn/giVsqB6fpQE=
40,15,VEZ2LLZPE9Rfj/ZWQC2eSPgSc4M=,FHfAqGDrm2fv0E1PcopRFZpG3ck=
39,11,VEZ2LLZPE9Rfj/ZWQC2eSPgSc4M=,WzQnEJCgBF/wD/JV1sBdsu4Xc2o=
41,12,VEZ2LLZPE9Rfj/ZWQC2eSPgSc4M=,FHfAqGDrm2fv0E1PcopRFZpG3ck=
42,12,VEZ2LLZPE9Rfj/ZWQC2eSPgSc4M=,FHfAqGDrm2fv0E1PcopRFZpG3ck=
45,10,VEZ2LLZPE9Rfj/ZWQC2eSPgSc4M=,wFri4LaLmafAdhYlT63QID4QJI0=
41,11,VEZ2LLZPE9Rfj/ZWQC2eSPgSc4M=,LBj51xTlOk1ONDn/giVsqB6fpQE=
41,13,VEZ2LLZPE9Rfj/ZWQC2eSPgSc4M=,FHfAqGDrm2fv0E1PcopRFZpG3ck=
39,15,VEZ2LLZPE9Rfj/ZWQC2eSPgSc4M=,h9ziPu+jPvua7gu3xdD7bEDiAAc=
40,13,VEZ2LLZPE9Rfj/ZWQC2eSPgSc4M=,FHfAqGDrm2fv0E1PcopRFZpG3ck=
39,12,VEZ2LLZPE9Rfj/ZWQC2eSPgSc4M=,h9ziPu+jPvua7gu3xdD7bEDiAAc=
39,13,VEZ2LLZPE9Rfj/ZWQC2eSPgSc4M=,h9ziPu+jPvua7gu3xdD7bEDiAAc=
43,11,VEZ2LLZPE9Rfj/ZWQC2eSPgSc4M=,LBj51xTlOk1ONDn/giVsqB6fpQE=
42,11,VEZ2LLZPE9Rfj/ZWQC2eSPgSc4M=,LBj51xTlOk1ONDn/giVsqB6fpQE=
37,29,VEZ2LLZPE9Rfj/ZWQC2eSPgSc4M=,Vyagm0lBCpnwGercW6eK9uzqfLw=
38,28,VEZ2LLZPE9Rfj/ZWQC2eSPgSc4M=,Vyagm0lBCpnwGercW6eK9uzqfLw=
37,30,VEZ2LLZPE9Rfj/ZWQC2eSPgSc4M=,Vyagm0lBCpnwGercW6eK9uzqfLw=
37,28,VEZ2LLZPE9Rfj/ZWQC2eSPgSc4M=,Vyagm0lBCpnwGercW6eK9uzqfLw=
39,29,VEZ2LLZPE9Rfj/ZWQC2eSPgSc4M=,Vyagm0lBCpnwGercW6eK9uzqfLw=
39,30,VEZ2LLZPE9Rfj/ZWQC2eSPgSc4M=,Vyagm0lBCpnwGercW6eK9uzqfLw=
38,30,VEZ2LLZPE9Rfj/ZWQC2eSPgSc4M=,Vyagm0lBCpnwGercW6eK9uzqfLw=
38,29,VEZ2LLZPE9Rfj/ZWQC2eSPgSc4M=,Vyagm0lBCpnwGercW6eK9uzqfLw=
39,28,VEZ2LLZPE9Rfj/ZWQC2eSPgSc4M=,Vyagm0lBCpnwGercW6eK9uzqfLw=
38,31,VEZ2LLZPE9Rfj/ZWQC2eSPgSc4M=,Vyagm0lBCpnwGercW6eK9uzqfLw=
39,31,VEZ2LLZPE9Rfj/ZWQC2eSPgSc4M=,Vyagm0lBCpnwGercW6eK9uzqfLw=
32,28,VEZ2LLZPE9Rfj/ZWQC2eSPgSc4M=,PkT2KndjIFLwHssI7E0I3ulhvLA=
36,28,VEZ2LLZPE9Rfj/ZWQC2eSPgSc4M=,Vyagm0lBCpnwGercW6eK9uzqfLw=
36,30,VEZ2LLZPE9Rfj/ZWQC2eSPgSc4M=,Vyagm0lBCpnwGercW6eK9uzqfLw=
35,29,VEZ2LLZPE9Rfj/ZWQC2eSPgSc4M=,PkT2KndjIFLwHssI7E0I3ulhvLA=
34,28,VEZ2LLZPE9Rfj/ZWQC2eSPgSc4M=,PkT2KndjIFLwHssI7E0I3ulhvLA=
32,31,VEZ2LLZPE9Rfj/ZWQC2eSPgSc4M=,PkT2KndjIFLwHssI7E0I3ulhvLA=
35,28,VEZ2LLZPE9Rfj/ZWQC2eSPgSc4M=,PkT2KndjIFLwHssI7E0I3ulhvLA=
33,28,VEZ2LLZPE9Rfj/ZWQC2eSPgSc4M=,PkT2KndjIFLwHssI7E0I3ulhvLA=
33,31,VEZ2LLZPE9Rfj/ZWQC2eSPgSc4M=,PkT2KndjIFLwHssI7E0I3ulhvLA=
34,29,VEZ2LLZPE9Rfj/ZWQC2eSPgSc4M=,PkT2KndjIFLwHssI7E0I3ulhvLA=
36,29,VEZ2LLZPE9Rfj/ZWQC2eSPgSc4M=,Vyagm0lBCpnwGercW6eK9uzqfLw=
37,31,VEZ2LLZPE9Rfj/ZWQC2eSPgSc4M=,Vyagm0lBCpnwGercW6eK9uzqfLw=
34,31,VEZ2LLZPE9Rfj/ZWQC2eSPgSc4M=,PkT2KndjIFLwHssI7E0I3ulhvLA=
35,30,VEZ2LLZPE9Rfj/ZWQC2eSPgSc4M=,PkT2KndjIFLwHssI7E0I3ulhvLA=
33,29,VEZ2LLZPE9Rfj/ZWQC2eSPgSc4M=,PkT2KndjIFLwHssI7E0I3ulhvLA=
32,30,VEZ2LLZPE9Rfj/ZWQC2eSPgSc4M=,PkT2KndjIFLwHssI7E0I3ulhvLA=
34,30,VEZ2LLZPE9Rfj/ZWQC2eSPgSc4M=,PkT2KndjIFLwHssI7E0I3ulhvLA=
36,31,VEZ2LLZPE9Rfj/ZWQC2eSPgSc4M=,Vyagm0lBCpnwGercW6eK9uzqfLw=
32,29,VEZ2LLZPE9Rfj/ZWQC2eSPgSc4M=,PkT2KndjIFLwHssI7E0I3ulhvLA=
35,31,VEZ2LLZPE9Rfj/ZWQC2eSPgSc4M=,PkT2KndjIFLwHssI7E0I3ulhvLA=
33,30,VEZ2LLZPE9Rfj/ZWQC2eSPgSc4M=,PkT2KndjIFLwHssI7E0I3ulhvLA=
58,25,XvGD84WP1WzNHXih9RVdZu69uqU=,TU7SBBgCK2RfTbhlG8D7hdw91tU=
57,25,XvGD84WP1WzNHXih9RVdZu69uqU=,TU7SBBgCK2RfTbhlG8D7hdw91tU=
58,26,XvGD84WP1WzNHXih9RVdZu69uqU=,TU7SBBgCK2RfTbhlG8D7hdw91tU=
57,26,XvGD84WP1WzNHXih9RVdZu69uqU=,TU7SBBgCK2RfTbhlG8D7hdw91tU=
57,22,XvGD84WP1WzNHXih9RVdZu69uqU=,H/zZ9Q8tjCFFEPkvpbtK3vQxRSU=
58,21,XvGD84WP1WzNHXih9RVdZu69uqU=,H/zZ9Q8tjCFFEPkvpbtK3vQxRSU=
57,21,XvGD84WP1WzNHXih9RVdZu69uqU=,H/zZ9Q8tjCFFEPkvpbtK3vQxRSU=
58,23,XvGD84WP1WzNHXih9RVdZu69uqU=,H/zZ9Q8tjCFFEPkvpbtK3vQxRSU=
57,23,XvGD84WP1WzNHXih9RVdZu69uqU=,H/zZ9Q8tjCFFEPkvpbtK3vQxRSU=
57,24,XvGD84WP1WzNHXih9RVdZu69uqU=,TU7SBBgCK2RfTbhlG8D7hdw91tU=
58,24,XvGD84WP1WzNHXih9RVdZu69uqU=,TU7SBBgCK2RfTbhlG8D7hdw91tU=
58,22,XvGD84WP1WzNHXih9RVdZu69uqU=,H/zZ9Q8tjCFFEPkvpbtK3vQxRSU=
53,30,XvGD84WP1WzNHXih9RVdZu69uqU=,cRUv0/twQg3NE8AgNFoIY1dAZzY=
54,30,XvGD84WP1WzNHXih9RVdZu69uqU=,cRUv0/twQg3NE8AgNFoIY1dAZzY=
54,29,XvGD84WP1WzNHXih9RVdZu69uqU=,cRUv0/twQg3NE8AgNFoIY1dAZzY=
53,26,XvGD84WP1WzNHXih9RVdZu69uqU=,msCwnEG4fizG2RObHi6ZrQ0X2A8=
54,24,XvGD84WP1WzNHXih9RVdZu69uqU=,msCwnEG4fizG2RObHi6ZrQ0X2A8=
54,22,XvGD84WP1WzNHXih9RVdZu69uqU=,gCPzQzErRbqF5w5E2elDBya+ZTg=
53,21,XvGD84WP1WzNHXih9RVdZu69uqU=,gCPzQzErRbqF5w5E2elDBya+ZTg=
54,21,XvGD84WP1WzNHXih9RVdZu69uqU=,gCPzQzErRbqF5w5E2elDBya+ZTg=
53,23,XvGD84WP1WzNHXih9RVdZu69uqU=,gCPzQzErRbqF5w5E2elDBya+ZTg=
54,25,XvGD84WP1WzNHXih9RVdZu69uqU=,msCwnEG4fizG2RObHi6ZrQ0X2A8=
54,23,XvGD84WP1WzNHXih9RVdZu69uqU=,gCPzQzErRbqF5w5E2elDBya+ZTg=
53,22,XvGD84WP1WzNHXih9RVdZu69uqU=,gCPzQzErRbqF5w5E2elDBya+ZTg=
53,25,XvGD84WP1WzNHXih9RVdZu69uqU=,msCwnEG4fizG2RObHi6ZrQ0X2A8=
53,24,XvGD84WP1WzNHXih9RVdZu69uqU=,msCwnEG4fizG2RObHi6ZrQ0X2A8=
52,26,XvGD84WP1WzNHXih9RVdZu69uqU=,msCwnEG4fizG2RObHi6ZrQ0X2A8=
52,25,XvGD84WP1WzNHXih9RVdZu69uqU=,msCwnEG4fizG2RObHi6ZrQ0X2A8=
56,26,XvGD84WP1WzNHXih9RVdZu69uqU=,TU7SBBgCK2RfTbhlG8D7hdw91tU=
56,25,XvGD84WP1WzNHXih9RVdZu69uqU=,TU7SBBgCK2RfTbhlG8D7hdw91tU=
56,24,XvGD84WP1WzNHXih9RVdZu69uqU=,TU7SBBgCK2RfTbhlG8D7hdw91tU=
56,23,XvGD84WP1WzNHXih9RVdZu69uqU=,H/zZ9Q8tjCFFEPkvpbtK3vQxRSU=
56,22,XvGD84WP1WzNHXih9RVdZu69uqU=,H/zZ9Q8tjCFFEPkvpbtK3vQxRSU=
59,22,XvGD84WP1WzNHXih9RVdZu69uqU=,H/zZ9Q8tjCFFEPkvpbtK3vQxRSU=
59,21,XvGD84WP1WzNHXih9RVdZu69uqU=,H/zZ9Q8tjCFFEPkvpbtK3vQxRSU=
52,23,XvGD84WP1WzNHXih9RVdZu69uqU=,gCPzQzErRbqF5w5E2elDBya+ZTg=
52,21,XvGD84WP1WzNHXih9RVdZu69uqU=,gCPzQzErRbqF5w5E2elDBya+ZTg=
52,24,XvGD84WP1WzNHXih9RVdZu69uqU=,msCwnEG4fizG2RObHi6ZrQ0X2A8=
52,22,XvGD84WP1WzNHXih9RVdZu69uqU=,gCPzQzErRbqF5w5E2elDBya+ZTg=
55,29,XvGD84WP1WzNHXih9RVdZu69uqU=,cRUv0/twQg3NE8AgNFoIY1dAZzY=
58,27,XvGD84WP1WzNHXih9RVdZu69uqU=,TU7SBBgCK2RfTbhlG8D7hdw91tU=
55,28,XvGD84WP1WzNHXih9RVdZu69uqU=,cRUv0/twQg3NE8AgNFoIY1dAZzY=
57,27,XvGD84WP1WzNHXih9RVdZu69uqU=,TU7SBBgCK2RfTbhlG8D7hdw91tU=
56,27,XvGD84WP1WzNHXih9RVdZu69uqU=,TU7SBBgCK2RfTbhlG8D7hdw91tU=
55,30,XvGD84WP1WzNHXih9RVdZu69uqU=,cRUv0/twQg3NE8AgNFoIY1dAZzY=
54,28,XvGD84WP1WzNHXih9RVdZu69uqU=,cRUv0/twQg3NE8AgNFoIY1dAZzY=
55,27,XvGD84WP1WzNHXih9RVdZu69uqU=,msCwnEG4fizG2RObHi6ZrQ0X2A8=
57,19,XvGD84WP1WzNHXih9RVdZu69uqU=,aSeiXi7VaFl9TXhVI+99FG8FKdo=
59,19,XvGD84WP1WzNHXih9RVdZu69uqU=,aSeiXi7VaFl9TXhVI+99FG8FKdo=
58,19,XvGD84WP1WzNHXih9RVdZu69uqU=,aSeiXi7VaFl9TXhVI+99FG8FKdo=
57,20,XvGD84WP1WzNHXih9RVdZu69uqU=,H/zZ9Q8tjCFFEPkvpbtK3vQxRSU=
57,17,XvGD84WP1WzNHXih9RVdZu69uqU=,aSeiXi7VaFl9TXhVI+99FG8FKdo=
59,20,XvGD84WP1WzNHXih9RVdZu69uqU=,H/zZ9Q8tjCFFEPkvpbtK3vQxRSU=
58,20,XvGD84WP1WzNHXih9RVdZu69uqU=,H/zZ9Q8tjCFFEPkvpbtK3vQxRSU=
58,17,XvGD84WP1WzNHXih9RVdZu69uqU=,aSeiXi7VaFl9TXhVI+99FG8FKdo=
59,17,XvGD84WP1WzNHXih9RVdZu69uqU=,aSeiXi7VaFl9TXhVI+99FG8FKdo=
58,18,XvGD84WP1WzNHXih9RVdZu69uqU=,aSeiXi7VaFl9TXhVI+99FG8FKdo=
57,18,XvGD84WP1WzNHXih9RVdZu69uqU=,aSeiXi7VaFl9TXhVI+99FG8FKdo=
59,18,XvGD84WP1WzNHXih9RVdZu69uqU=,aSeiXi7VaFl9TXhVI+99FG8FKdo=
54,26,XvGD84WP1WzNHXih9RVdZu69uqU=,msCwnEG4fizG2RObHi6ZrQ0X2A8=
55,24,XvGD84WP1WzNHXih9RVdZu69uqU=,msCwnEG4fizG2RObHi6ZrQ0X2A8=
55,25,XvGD84WP1WzNHXih9RVdZu69uqU=,msCwnEG4fizG2RObHi6ZrQ0X2A8=
49,28,XvGD84WP1WzNHXih9RVdZu69uqU=,QZEbahecT17c39Qz8AHsmvLkLgM=
51,29,XvGD84WP1WzNHXih9RVdZu69uqU=,QZEbahecT17c39Qz8AHsmvLkLgM=
49,29,XvGD84WP1WzNHXih9RVdZu69uqU=,QZEbahecT17c39Qz8AHsmvLkLgM=
52,27,XvGD84WP1WzNHXih9RVdZu69uqU=,msCwnEG4fizG2RObHi6ZrQ0X2A8=
50,30,XvGD84WP1WzNHXih9RVdZu69uqU=,QZEbahecT17c39Qz8AHsmvLkLgM=
49,30,XvGD84WP1WzNHXih9RVdZu69uqU=,QZEbahecT17c39Qz8AHsmvLkLgM=
51,28,XvGD84WP1WzNHXih9RVdZu69uqU=,QZEbahecT17c39Qz8AHsmvLkLgM=
50,29,XvGD84WP1WzNHXih9RVdZu69uqU=,QZEbahecT17c39Qz8AHsmvLkLgM=
50,28,XvGD84WP1WzNHXih9RVdZu69uqU=,QZEbahecT17c39Qz8AHsmvLkLgM=
48,30,XvGD84WP1WzNHXih9RVdZu69uqU=,QZEbahecT17c39Qz8AHsmvLkLgM=
48,29,XvGD84WP1WzNHXih9RVdZu69uqU=,QZEbahecT17c39Qz8AHsmvLkLgM=
55,26,XvGD84WP1WzNHXih9RVdZu69uqU=,msCwnEG4fizG2RObHi6ZrQ0X2A8=
53,29,XvGD84WP1WzNHXih9RVdZu69uqU=,cRUv0/twQg3NE8AgNFoIY1dAZzY=
53,27,XvGD84WP1WzNHXih9RVdZu69uqU=,msCwnEG4fizG2RObHi6ZrQ0X2A8=
54,27,XvGD84WP1WzNHXih9RVdZu69uqU=,msCwnEG4fizG2RObHi6ZrQ0X2A8=
52,28,XvGD84WP1WzNHXih9RVdZu69uqU=,cRUv0/twQg3NE8AgNFoIY1dAZzY=
53,31,XvGD84WP1WzNHXih9RVdZu69uqU=,cRUv0/twQg3NE8AgNFoIY1dAZzY=
54,31,XvGD84WP1WzNHXih9RVdZu69uqU=,cRUv0/twQg3NE8AgNFoIY1dAZzY=
55,31,XvGD84WP1WzNHXih9RVdZu69uqU=,cRUv0/twQg3NE8AgNFoIY1dAZzY=
59,25,XvGD84WP1WzNHXih9RVdZu69uqU=,TU7SBBgCK2RfTbhlG8D7hdw91tU=
59,23,XvGD84WP1WzNHXih9RVdZu69uqU=,H/zZ9Q8tjCFFEPkvpbtK3vQxRSU=
59,27,XvGD84WP1WzNHXih9RVdZu69uqU=,TU7SBBgCK2RfTbhlG8D7hdw91tU=
59,26,XvGD84WP1WzNHXih9RVdZu69uqU=,TU7SBBgCK2RfTbhlG8D7hdw91tU=
59,24,XvGD84WP1WzNHXih9RVdZu69uqU=,TU7SBBgCK2RfTbhlG8D7hdw91tU=
48,28,XvGD84WP1WzNHXih9RVdZu69uqU=,QZEbahecT17c39Qz8AHsmvLkLgM=
58,16,XvGD84WP1WzNHXih9RVdZu69uqU=,aSeiXi7VaFl9TXhVI+99FG8FKdo=
57,16,XvGD84WP1WzNHXih9RVdZu69uqU=,aSeiXi7VaFl9TXhVI+99FG8FKdo=
59,16,XvGD84WP1WzNHXih9RVdZu69uqU=,aSeiXi7VaFl9TXhVI+99FG8FKdo=
52,16,XvGD84WP1WzNHXih9RVdZu69uqU=,LESEuU3s5gixnM55lLyqWQt9Z9Y=
52,17,XvGD84WP1WzNHXih9RVdZu69uqU=,LESEuU3s5gixnM55lLyqWQt9Z9Y=
52,19,XvGD84WP1WzNHXih9RVdZu69uqU=,LESEuU3s5gixnM55lLyqWQt9Z9Y=
56,19,XvGD84WP1WzNHXih9RVdZu69uqU=,aSeiXi7VaFl9TXhVI+99FG8FKdo=
53,19,XvGD84WP1WzNHXih9RVdZu69uqU=,LESEuU3s5gixnM55lLyqWQt9Z9Y=
53,16,XvGD84WP1WzNHXih9RVdZu69uqU=,LESEuU3s5gixnM55lLyqWQt9Z9Y=
52,29,XvGD84WP1WzNHXih9RVdZu69uqU=,cRUv0/twQg3NE8AgNFoIY1dAZzY=
56,18,XvGD84WP1WzNHXih9RVdZu69uqU=,aSeiXi7VaFl9TXhVI+99FG8FKdo=
52,18,XvGD84WP1WzNHXih9RVdZu69uqU=,LESEuU3s5gixnM55lLyqWQt9Z9Y=
55,17,XvGD84WP1WzNHXih9RVdZu69uqU=,LESEuU3s5gixnM55lLyqWQt9Z9Y=
56,17,XvGD84WP1WzNHXih9RVdZu69uqU=,aSeiXi7VaFl9TXhVI+99FG8FKdo=
53,20,XvGD84WP1WzNHXih9RVdZu69uqU=,gCPzQzErRbqF5w5E2elDBya+ZTg=
54,20,XvGD84WP1WzNHXih9RVdZu69uqU=,gCPzQzErRbqF5w5E2elDBya+ZTg=
52,20,XvGD84WP1WzNHXih9RVdZu69uqU=,gCPzQzErRbqF5w5E2elDBya+ZTg=
53,18,XvGD84WP1WzNHXih9RVdZu69uqU=,LESEuU3s5gixnM55lLyqWQt9Z9Y=
53,17,XvGD84WP1WzNHXih9RVdZu69uqU=,LESEuU3s5gixnM55lLyqWQt9Z9Y=
56,21,XvGD84WP1WzNHXih9RVdZu69uqU=,H/zZ9Q8tjCFFEPkvpbtK3vQxRSU=
56,20,XvGD84WP1WzNHXih9RVdZu69uqU=,H/zZ9Q8tjCFFEPkvpbtK3vQxRSU=
53,28,XvGD84WP1WzNHXih9RVdZu69uqU=,cRUv0/twQg3NE8AgNFoIY1dAZzY=
48,31,XvGD84WP1WzNHXih9RVdZu69uqU=,QZEbahecT17c39Qz8AHsmvLkLgM=
50,31,XvGD84WP1WzNHXih9RVdZu69uqU=,QZEbahecT17c39Qz8AHsmvLkLgM=
49,31,XvGD84WP1WzNHXih9RVdZu69uqU=,QZEbahecT17c39Qz8AHsmvLkLgM=
55,23,XvGD84WP1WzNHXih9RVdZu69uqU=,gCPzQzErRbqF5w5E2elDBya+ZTg=
56,16,XvGD84WP1WzNHXih9RVdZu69uqU=,aSeiXi7VaFl9TXhVI+99FG8FKdo=
52,31,XvGD84WP1WzNHXih9RVdZu69uqU=,cRUv0/twQg3NE8AgNFoIY1dAZzY=
54,19,XvGD84WP1WzNHXih9RVdZu69uqU=,LESEuU3s5gixnM55lLyqWQt9Z9Y=
51,30,XvGD84WP1WzNHXih9RVdZu69uqU=,QZEbahecT17c39Qz8AHsmvLkLgM=
55,22,XvGD84WP1WzNHXih9RVdZu69uqU=,gCPzQzErRbqF5w5E2elDBya+ZTg=
52,30,XvGD84WP1WzNHXih9RVdZu69uqU=,cRUv0/twQg3NE8AgNFoIY1dAZzY=
51,31,XvGD84WP1WzNHXih9RVdZu69uqU=,QZEbahecT17c39Qz8AHsmvLkLgM=
55,18,XvGD84WP1WzNHXih9RVdZu69uqU=,LESEuU3s5gixnM55lLyqWQt9Z9Y=
54,16,XvGD84WP1WzNHXih9RVdZu69uqU=,LESEuU3s5gixnM55lLyqWQt9Z9Y=
54,17,XvGD84WP1WzNHXih9RVdZu69uqU=,LESEuU3s5gixnM55lLyqWQt9Z9Y=
55,21,XvGD84WP1WzNHXih9RVdZu69uqU=,gCPzQzErRbqF5w5E2elDBya+ZTg=
55,19,XvGD84WP1WzNHXih9RVdZu69uqU=,LESEuU3s5gixnM55lLyqWQt9Z9Y=
54,18,XvGD84WP1WzNHXih9RVdZu69uqU=,LESEuU3s5gixnM55lLyqWQt9Z9Y=
55,16,XvGD84WP1WzNHXih9RVdZu69uqU=,LESEuU3s5gixnM55lLyqWQt9Z9Y=
55,20,XvGD84WP1WzNHXih9RVdZu69uqU=,gCPzQzErRbqF5w5E2elDBya+ZTg=
60,5,XvGD84WP1WzNHXih9RVdZu69uqU=,FxhouU4Bls1ZDH36HXi02UYl/a4=
60,6,XvGD84WP1WzNHXih9RVdZu69uqU=,FxhouU4Bls1ZDH36HXi02UYl/a4=
54,6,KBhYcUjZP6Nwf1Lfm7enH7+q4vk=,9IomoTntVniNhX4rIBE0j5mSxPY=
60,4,KBhYcUjZP6Nwf1Lfm7enH7+q4vk=,FxhouU4Bls1ZDH36HXi02UYl/a4=
59,4,KBhYcUjZP6Nwf1Lfm7enH7+q4vk=,GSw1sqetPjWDv8Y1+EVyJgmn5Gk=
59,5,KBhYcUjZP6Nwf1Lfm7enH7+q4vk=,GSw1sqetPjWDv8Y1+EVyJgmn5Gk=
61,3,KBhYcUjZP6Nwf1Lfm7enH7+q4vk=,d42G3+/MqqD4G9iuZQVF9dkX5kw=
60,3,KBhYcUjZP6Nwf1Lfm7enH7+q4vk=,d42G3+/MqqD4G9iuZQVF9dkX5kw=
49,9,KBhYcUjZP6Nwf1Lfm7enH7+q4vk=,0sdrXac7WAksIkhSB8hs8/L3lV0=
50,9,KBhYcUjZP6Nwf1Lfm7enH7+q4vk=,0sdrXac7WAksIkhSB8hs8/L3lV0=
49,10,KBhYcUjZP6Nwf1Lfm7enH7+q4vk=,0sdrXac7WAksIkhSB8hs8/L3lV0=
50,10,KBhYcUjZP6Nwf1Lfm7enH7+q4vk=,0sdrXac7WAksIkhSB8hs8/L3lV0=
53,7,KBhYcUjZP6Nwf1Lfm7enH7+q4vk=,9IomoTntVniNhX4rIBE0j5mSxPY=
54,7,KBhYcUjZP6Nwf1Lfm7enH7+q4vk=,9IomoTntVniNhX4rIBE0j5mSxPY=
51,9,KBhYcUjZP6Nwf1Lfm7enH7+q4vk=,0sdrXac7WAksIkhSB8hs8/L3lV0=
51,10,KBhYcUjZP6Nwf1Lfm7enH7+q4vk=,0sdrXac7WAksIkhSB8hs8/L3lV0=
58,5,KBhYcUjZP6Nwf1Lfm7enH7+q4vk=,GSw1sqetPjWDv8Y1+EVyJgmn5Gk=
58,4,KBhYcUjZP6Nwf1Lfm7enH7+q4vk=,GSw1sqetPjWDv8Y1+EVyJgmn5Gk=
61,4,KBhYcUjZP6Nwf1Lfm7enH7+q4vk=,FxhouU4Bls1ZDH36HXi02UYl/a4=
59,3,KBhYcUjZP6Nwf1Lfm7enH7+q4vk=,E2HhbyTdOfVF6I6k0hZXlyNk2YA=
60,2,KBhYcUjZP6Nwf1Lfm7enH7+q4vk=,d42G3+/MqqD4G9iuZQVF9dkX5kw=
61,5,KBhYcUjZP6Nwf1Lfm7enH7+q4vk=,FxhouU4Bls1ZDH36HXi02UYl/a4=
58,3,KBhYcUjZP6Nwf1Lfm7enH7+q4vk=,E2HhbyTdOfVF6I6k0hZXlyNk2YA=
61,2,KBhYcUjZP6Nwf1Lfm7enH7+q4vk=,d42G3+/MqqD4G9iuZQVF9dkX5kw=
49,8,KBhYcUjZP6Nwf1Lfm7enH7+q4vk=,0sdrXac7WAksIkhSB8hs8/L3lV0=
52,7,KBhYcUjZP6Nwf1Lfm7enH7+q4vk=,9IomoTntVniNhX4rIBE0j5mSxPY=
51,8,KBhYcUjZP6Nwf1Lfm7enH7+q4vk=,0sdrXac7WAksIkhSB8hs8/L3lV0=
50,8,KBhYcUjZP6Nwf1Lfm7enH7+q4vk=,0sdrXac7WAksIkhSB8hs8/L3lV0=
53,6,KBhYcUjZP6Nwf1Lfm7enH7+q4vk=,9IomoTntVniNhX4rIBE0j5mSxPY=
58,2,KBhYcUjZP6Nwf1Lfm7enH7+q4vk=,E2HhbyTdOfVF6I6k0hZXlyNk2YA=
51,7,KBhYcUjZP6Nwf1Lfm7enH7+q4vk=,1458KNeqCW4P4riVNeQghqRpKA0=
59,2,KBhYcUjZP6Nwf1Lfm7enH7+q4vk=,E2HhbyTdOfVF6I6k0hZXlyNk2YA=
50,7,KBhYcUjZP6Nwf1Lfm7enH7+q4vk=,1458KNeqCW4P4riVNeQghqRpKA0=
57,4,KBhYcUjZP6Nwf1Lfm7enH7+q4vk=,GSw1sqetPjWDv8Y1+EVyJgmn5Gk=
56,5,KBhYcUjZP6Nwf1Lfm7enH7+q4vk=,GSw1sqetPjWDv8Y1+EVyJgmn5Gk=
55,5,KBhYcUjZP6Nwf1Lfm7enH7+q4vk=,9IomoTntVniNhX4rIBE0j5mSxPY=
50,6,KBhYcUjZP6Nwf1Lfm7enH7+q4vk=,1458KNeqCW4P4riVNeQghqRpKA0=
56,4,KBhYcUjZP6Nwf1Lfm7enH7+q4vk=,GSw1sqetPjWDv8Y1+EVyJgmn5Gk=
55,4,KBhYcUjZP6Nwf1Lfm7enH7+q4vk=,9IomoTntVniNhX4rIBE0j5mSxPY=
57,5,KBhYcUjZP6Nwf1Lfm7enH7+q4vk=,GSw1sqetPjWDv8Y1+EVyJgmn5Gk=
54,5,KBhYcUjZP6Nwf1Lfm7enH7+q4vk=,9IomoTntVniNhX4rIBE0j5mSxPY=
56,3,KBhYcUjZP6Nwf1Lfm7enH7+q4vk=,E2HhbyTdOfVF6I6k0hZXlyNk2YA=
57,3,KBhYcUjZP6Nwf1Lfm7enH7+q4vk=,E2HhbyTdOfVF6I6k0hZXlyNk2YA=
54,4,KBhYcUjZP6Nwf1Lfm7enH7+q4vk=,9IomoTntVniNhX4rIBE0j5mSxPY=
51,6,KBhYcUjZP6Nwf1Lfm7enH7+q4vk=,1458KNeqCW4P4riVNeQghqRpKA0=
55,3,KBhYcUjZP6Nwf1Lfm7enH7+q4vk=,FO+/X0LSgb6Du6/Jp+9xt3wq1B4=
57,2,KBhYcUjZP6Nwf1Lfm7enH7+q4vk=,E2HhbyTdOfVF6I6k0hZXlyNk2YA=
54,3,KBhYcUjZP6Nwf1Lfm7enH7+q4vk=,FO+/X0LSgb6Du6/Jp+9xt3wq1B4=
52,6,KBhYcUjZP6Nwf1Lfm7enH7+q4vk=,9IomoTntVniNhX4rIBE0j5mSxPY=
56,2,KBhYcUjZP6Nwf1Lfm7enH7+q4vk=,E2HhbyTdOfVF6I6k0hZXlyNk2YA=
55,2,KBhYcUjZP6Nwf1Lfm7enH7+q4vk=,FO+/X0LSgb6Du6/Jp+9xt3wq1B4=
54,0,KBhYcUjZP6Nwf1Lfm7enH7+q4vk=,FO+/X0LSgb6Du6/Jp+9xt3wq1B4=
53,0,KBhYcUjZP6Nwf1Lfm7enH7+q4vk=,FO+/X0LSgb6Du6/Jp+9xt3wq1B4=
54,1,KBhYcUjZP6Nwf1Lfm7enH7+q4vk=,FO+/X0LSgb6Du6/Jp+9xt3wq1B4=
55,1,KBhYcUjZP6Nwf1Lfm7enH7+q4vk=,FO+/X0LSgb6Du6/Jp+9xt3wq1B4=
54,2,KBhYcUjZP6Nwf1Lfm7enH7+q4vk=,FO+/X0LSgb6Du6/Jp+9xt3wq1B4=
61,8,KBhYcUjZP6Nwf1Lfm7enH7+q4vk=,62Loi0TWivpKjhwqRDsF9VITJrY=
62,8,KBhYcUjZP6Nwf1Lfm7enH7+q4vk=,62Loi0TWivpKjhwqRDsF9VITJrY=
61,9,KBhYcUjZP6Nwf1Lfm7enH7+q4vk=,62Loi0TWivpKjhwqRDsF9VITJrY=
62,9,KBhYcUjZP6Nwf1Lfm7enH7+q4vk=,62Loi0TWivpKjhwqRDsF9VITJrY=
61,7,KBhYcUjZP6Nwf1Lfm7enH7+q4vk=,FxhouU4Bls1ZDH36HXi02UYl/a4=
61,10,KBhYcUjZP6Nwf1Lfm7enH7+q4vk=,62Loi0TWivpKjhwqRDsF9VITJrY=
57,1,KBhYcUjZP6Nwf1Lfm7enH7+q4vk=,E2HhbyTdOfVF6I6k0hZXlyNk2YA=
57,0,KBhYcUjZP6Nwf1Lfm7enH7+q4vk=,E2HhbyTdOfVF6I6k0hZXlyNk2YA=
53,1,KBhYcUjZP6Nwf1Lfm7enH7+q4vk=,FO+/X0LSgb6Du6/Jp+9xt3wq1B4=
49,4,KBhYcUjZP6Nwf1Lfm7enH7+q4vk=,1458KNeqCW4P4riVNeQghqRpKA0=
62,10,KBhYcUjZP6Nwf1Lfm7enH7+q4vk=,62Loi0TWivpKjhwqRDsF9VITJrY=
55,0,KBhYcUjZP6Nwf1Lfm7enH7+q4vk=,FO+/X0LSgb6Du6/Jp+9xt3wq1B4=
56,0,KBhYcUjZP6Nwf1Lfm7enH7+q4vk=,E2HhbyTdOfVF6I6k0hZXlyNk2YA=
51,1,KBhYcUjZP6Nwf1Lfm7enH7+q4vk=,+9SqxbWEbCUlAMXUr+SsiD8MhGQ=
56,1,KBhYcUjZP6Nwf1Lfm7enH7+q4vk=,E2HhbyTdOfVF6I6k0hZXlyNk2YA=
53,5,KBhYcUjZP6Nwf1Lfm7enH7+q4vk=,9IomoTntVniNhX4rIBE0j5mSxPY=
50,0,KBhYcUjZP6Nwf1Lfm7enH7+q4vk=,+9SqxbWEbCUlAMXUr+SsiD8MhGQ=
49,2,KBhYcUjZP6Nwf1Lfm7enH7+q4vk=,+9SqxbWEbCUlAMXUr+SsiD8MhGQ=
63,2,KBhYcUjZP6Nwf1Lfm7enH7+q4vk=,d42G3+/MqqD4G9iuZQVF9dkX5kw=
48,2,KBhYcUjZP6Nwf1Lfm7enH7+q4vk=,+9SqxbWEbCUlAMXUr+SsiD8MhGQ=
60,0,KBhYcUjZP6Nwf1Lfm7enH7+q4vk=,d42G3+/MqqD4G9iuZQVF9dkX5kw=
50,4,KBhYcUjZP6Nwf1Lfm7enH7+q4vk=,1458KNeqCW4P4riVNeQghqRpKA0=
53,3,KBhYcUjZP6Nwf1Lfm7enH7+q4vk=,FO+/X0LSgb6Du6/Jp+9xt3wq1B4=
49,5,KBhYcUjZP6Nwf1Lfm7enH7+q4vk=,1458KNeqCW4P4riVNeQghqRpKA0=
52,4,KBhYcUjZP6Nwf1Lfm7enH7+q4vk=,9IomoTntVniNhX4rIBE0j5mSxPY=
48,5,KBhYcUjZP6Nwf1Lfm7enH7+q4vk=,1458KNeqCW4P4riVNeQghqRpKA0=
49,3,KBhYcUjZP6Nwf1Lfm7enH7+q4vk=,+9SqxbWEbCUlAMXUr+SsiD8MhGQ=
62,3,KBhYcUjZP6Nwf1Lfm7enH7+q4vk=,d42G3+/MqqD4G9iuZQVF9dkX5kw=
48,4,KBhYcUjZP6Nwf1Lfm7enH7+q4vk=,1458KNeqCW4P4riVNeQghqRpKA0=
50,2,KBhYcUjZP6Nwf1Lfm7enH7+q4vk=,+9SqxbWEbCUlAMXUr+SsiD8MhGQ=
52,5,KBhYcUjZP6Nwf1Lfm7enH7+q4vk=,9IomoTntVniNhX4rIBE0j5mSxPY=
53,2,KBhYcUjZP6Nwf1Lfm7enH7+q4vk=,FO+/X0LSgb6Du6/Jp+9xt3wq1B4=
52,2,KBhYcUjZP6Nwf1Lfm7enH7+q4vk=,FO+/X0LSgb6Du6/Jp+9xt3wq1B4=
53,14,KBhYcUjZP6Nwf1Lfm7enH7+q4vk=,Ra5fFj/qxRZUzhfBbC9BLgT/ARw=
53,13,KBhYcUjZP6Nwf1Lfm7enH7+q4vk=,Ra5fFj/qxRZUzhfBbC9BLgT/ARw=
54,13,KBhYcUjZP6Nwf1Lfm7enH7+q4vk=,Ra5fFj/qxRZUzhfBbC9BLgT/ARw=
53,12,KBhYcUjZP6Nwf1Lfm7enH7+q4vk=,Ra5fFj/qxRZUzhfBbC9BLgT/ARw=
54,12,KBhYcUjZP6Nwf1Lfm7enH7+q4vk=,Ra5fFj/qxRZUzhfBbC9BLgT/ARw=
54,14,KBhYcUjZP6Nwf1Lfm7enH7+q4vk=,Ra5fFj/qxRZUzhfBbC9BLgT/ARw=
61,11,KBhYcUjZP6Nwf1Lfm7enH7+q4vk=,62Loi0TWivpKjhwqRDsF9VITJrY=
62,11,KBhYcUjZP6Nwf1Lfm7enH7+q4vk=,62Loi0TWivpKjhwqRDsF9VITJrY=
50,5,KBhYcUjZP6Nwf1Lfm7enH7+q4vk=,1458KNeqCW4P4riVNeQghqRpKA0=
63,3,KBhYcUjZP6Nwf1Lfm7enH7+q4vk=,d42G3+/MqqD4G9iuZQVF9dkX5kw=
52,1,KBhYcUjZP6Nwf1Lfm7enH7+q4vk=,FO+/X0LSgb6Du6/Jp+9xt3wq1B4=
52,14,KBhYcUjZP6Nwf1Lfm7enH7+q4vk=,Ra5fFj/qxRZUzhfBbC9BLgT/ARw=
63,5,KBhYcUjZP6Nwf1Lfm7enH7+q4vk=,FxhouU4Bls1ZDH36HXi02UYl/a4=
49,11,KBhYcUjZP6Nwf1Lfm7enH7+q4vk=,0sdrXac7WAksIkhSB8hs8/L3lV0=
50,11,KBhYcUjZP6Nwf1Lfm7enH7+q4vk=,0sdrXac7WAksIkhSB8hs8/L3lV0=
51,11,KBhYcUjZP6Nwf1Lfm7enH7+q4vk=,0sdrXac7WAksIkhSB8hs8/L3lV0=
52,13,KBhYcUjZP6Nwf1Lfm7enH7+q4vk=,Ra5fFj/qxRZUzhfBbC9BLgT/ARw=
52,12,KBhYcUjZP6Nwf1Lfm7enH7+q4vk=,Ra5fFj/qxRZUzhfBbC9BLgT/ARw=
53,4,KBhYcUjZP6Nwf1Lfm7enH7+q4vk=,9IomoTntVniNhX4rIBE0j5mSxPY=
51,5,KBhYcUjZP6Nwf1Lfm7enH7+q4vk=,1458KNeqCW4P4riVNeQghqRpKA0=
59,0,KBhYcUjZP6Nwf1Lfm7enH7+q4vk=,E2HhbyTdOfVF6I6k0hZXlyNk2YA=
61,0,KBhYcUjZP6Nwf1Lfm7enH7+q4vk=,d42G3+/MqqD4G9iuZQVF9dkX5kw=
63,4,KBhYcUjZP6Nwf1Lfm7enH7+q4vk=,FxhouU4Bls1ZDH36HXi02UYl/a4=
50,3,KBhYcUjZP6Nwf1Lfm7enH7+q4vk=,+9SqxbWEbCUlAMXUr+SsiD8MhGQ=
62,5,KBhYcUjZP6Nwf1Lfm7enH7+q4vk=,FxhouU4Bls1ZDH36HXi02UYl/a4=
50,1,KBhYcUjZP6Nwf1Lfm7enH7+q4vk=,+9SqxbWEbCUlAMXUr+SsiD8MhGQ=
51,4,KBhYcUjZP6Nwf1Lfm7enH7+q4vk=,1458KNeqCW4P4riVNeQghqRpKA0=
62,2,KBhYcUjZP6Nwf1Lfm7enH7+q4vk=,d42G3+/MqqD4G9iuZQVF9dkX5kw=
60,1,KBhYcUjZP6Nwf1Lfm7enH7+q4vk=,d42G3+/MqqD4G9iuZQVF9dkX5kw=
58,1,KBhYcUjZP6Nwf1Lfm7enH7+q4vk=,E2HhbyTdOfVF6I6k0hZXlyNk2YA=
61,1,KBhYcUjZP6Nwf1Lfm7enH7+q4vk=,d42G3+/MqqD4G9iuZQVF9dkX5kw=
62,4,KBhYcUjZP6Nwf1Lfm7enH7+q4vk=,FxhouU4Bls1ZDH36HXi02UYl/a4=
56,8,KBhYcUjZP6Nwf1Lfm7enH7+q4vk=,3xzs/YDvLNkEaIGFhvRKHpMNBUI=
59,8,KBhYcUjZP6Nwf1Lfm7enH7+q4vk=,3xzs/YDvLNkEaIGFhvRKHpMNBUI=
59,7,KBhYcUjZP6Nwf1Lfm7enH7+q4vk=,GSw1sqetPjWDv8Y1+EVyJgmn5Gk=
55,12,KBhYcUjZP6Nwf1Lfm7enH7+q4vk=,Ra5fFj/qxRZUzhfBbC9BLgT/ARw=
60,11,KBhYcUjZP6Nwf1Lfm7enH7+q4vk=,62Loi0TWivpKjhwqRDsF9VITJrY=
55,14,KBhYcUjZP6Nwf1Lfm7enH7+q4vk=,Ra5fFj/qxRZUzhfBbC9BLgT/ARw=
56,13,KBhYcUjZP6Nwf1Lfm7enH7+q4vk=,ZpQE8Vu3Im3o//Ae2/ycjJE3ZY4=
55,13,KBhYcUjZP6Nwf1Lfm7enH7+q4vk=,Ra5fFj/qxRZUzhfBbC9BLgT/ARw=
58,13,KBhYcUjZP6Nwf1Lfm7enH7+q4vk=,ZpQE8Vu3Im3o//Ae2/ycjJE3ZY4=
59,13,KBhYcUjZP6Nwf1Lfm7enH7+q4vk=,ZpQE8Vu3Im3o//Ae2/ycjJE3ZY4=
59,15,KBhYcUjZP6Nwf1Lfm7enH7+q4vk=,ZpQE8Vu3Im3o//Ae2/ycjJE3ZY4=
59,12,KBhYcUjZP6Nwf1Lfm7enH7+q4vk=,ZpQE8Vu3Im3o//Ae2/ycjJE3ZY4=
56,7,KBhYcUjZP6Nwf1Lfm7enH7+q4vk=,GSw1sqetPjWDv8Y1+EVyJgmn5Gk=
52,15,KBhYcUjZP6Nwf1Lfm7enH7+q4vk=,Ra5fFj/qxRZUzhfBbC9BLgT/ARw=
53,15,KBhYcUjZP6Nwf1Lfm7enH7+q4vk=,Ra5fFj/qxRZUzhfBbC9BLgT/ARw=
54,15,KBhYcUjZP6Nwf1Lfm7enH7+q4vk=,Ra5fFj/qxRZUzhfBbC9BLgT/ARw=
55,7,KBhYcUjZP6Nwf1Lfm7enH7+q4vk=,9IomoTntVniNhX4rIBE0j5mSxPY=
55,15,KBhYcUjZP6Nwf1Lfm7enH7+q4vk=,Ra5fFj/qxRZUzhfBbC9BLgT/ARw=
58,15,KBhYcUjZP6Nwf1Lfm7enH7+q4vk=,ZpQE8Vu3Im3o//Ae2/ycjJE3ZY4=
57,15,KBhYcUjZP6Nwf1Lfm7enH7+q4vk=,ZpQE8Vu3Im3o//Ae2/ycjJE3ZY4=
58,12,KBhYcUjZP6Nwf1Lfm7enH7+q4vk=,ZpQE8Vu3Im3o//Ae2/ycjJE3ZY4=
59,14,KBhYcUjZP6Nwf1Lfm7enH7+q4vk=,ZpQE8Vu3Im3o//Ae2/ycjJE3ZY4=
56,12,KBhYcUjZP6Nwf1Lfm7enH7+q4vk=,ZpQE8Vu3Im3o//Ae2/ycjJE3ZY4=
56,14,KBhYcUjZP6Nwf1Lfm7enH7+q4vk=,ZpQE8Vu3Im3o//Ae2/ycjJE3ZY4=
60,10,KBhYcUjZP6Nwf1Lfm7enH7+q4vk=,62Loi0TWivpKjhwqRDsF9VITJrY=
59,11,KBhYcUjZP6Nwf1Lfm7enH7+q4vk=,3xzs/YDvLNkEaIGFhvRKHpMNBUI=
58,14,KBhYcUjZP6Nwf1Lfm7enH7+q4vk=,ZpQE8Vu3Im3o//Ae2/ycjJE3ZY4=
60,7,KBhYcUjZP6Nwf1Lfm7enH7+q4vk=,FxhouU4Bls1ZDH36HXi02UYl/a4=
57,13,KBhYcUjZP6Nwf1Lfm7enH7+q4vk=,ZpQE8Vu3Im3o//Ae2/ycjJE3ZY4=
59,10,KBhYcUjZP6Nwf1Lfm7enH7+q4vk=,3xzs/YDvLNkEaIGFhvRKHpMNBUI=
56,15,KBhYcUjZP6Nwf1Lfm7enH7+q4vk=,ZpQE8Vu3Im3o//Ae2/ycjJE3ZY4=
56,11,KBhYcUjZP6Nwf1Lfm7enH7+q4vk=,3xzs/YDvLNkEaIGFhvRKHpMNBUI=
60,9,KBhYcUjZP6Nwf1Lfm7enH7+q4vk=,62Loi0TWivpKjhwqRDsF9VITJrY=
58,10,KBhYcUjZP6Nwf1Lfm7enH7+q4vk=,3xzs/YDvLNkEaIGFhvRKHpMNBUI=
57,12,KBhYcUjZP6Nwf1Lfm7enH7+q4vk=,ZpQE8Vu3Im3o//Ae2/ycjJE3ZY4=
57,14,KBhYcUjZP6Nwf1Lfm7enH7+q4vk=,ZpQE8Vu3Im3o//Ae2/ycjJE3ZY4=
61,6,KBhYcUjZP6Nwf1Lfm7enH7+q4vk=,FxhouU4Bls1ZDH36HXi02UYl/a4=
59,6,KBhYcUjZP6Nwf1Lfm7enH7+q4vk=,GSw1sqetPjWDv8Y1+EVyJgmn5Gk=
59,1,KBhYcUjZP6Nwf1Lfm7enH7+q4vk=,E2HhbyTdOfVF6I6k0hZXlyNk2YA=
56,10,KBhYcUjZP6Nwf1Lfm7enH7+q4vk=,3xzs/YDvLNkEaIGFhvRKHpMNBUI=
57,10,KBhYcUjZP6Nwf1Lfm7enH7+q4vk=,3xzs/YDvLNkEaIGFhvRKHpMNBUI=
59,9,KBhYcUjZP6Nwf1Lfm7enH7+q4vk=,3xzs/YDvLNkEaIGFhvRKHpMNBUI=
48,3,KBhYcUjZP6Nwf1Lfm7enH7+q4vk=,+9SqxbWEbCUlAMXUr+SsiD8MhGQ=
57,11,KBhYcUjZP6Nwf1Lfm7enH7+q4vk=,3xzs/YDvLNkEaIGFhvRKHpMNBUI=
58,11,KBhYcUjZP6Nwf1Lfm7enH7+q4vk=,3xzs/YDvLNkEaIGFhvRKHpMNBUI=
55,6,KBhYcUjZP6Nwf1Lfm7enH7+q4vk=,9IomoTntVniNhX4rIBE0j5mSxPY=
56,9,KBhYcUjZP6Nwf1Lfm7enH7+q4vk=,3xzs/YDvLNkEaIGFhvRKHpMNBUI=
51,0,KBhYcUjZP6Nwf1Lfm7enH7+q4vk=,+9SqxbWEbCUlAMXUr+SsiD8MhGQ=
57,7,KBhYcUjZP6Nwf1Lfm7enH7+q4vk=,GSw1sqetPjWDv8Y1+EVyJgmn5Gk=
60,8,KBhYcUjZP6Nwf1Lfm7enH7+q4vk=,62Loi0TWivpKjhwqRDsF9VITJrY=
57,6,KBhYcUjZP6Nwf1Lfm7enH7+q4vk=,GSw1sqetPjWDv8Y1+EVyJgmn5Gk=
58,9,KBhYcUjZP6Nwf1Lfm7enH7+q4vk=,3xzs/YDvLNkEaIGFhvRKHpMNBUI=
57,8,KBhYcUjZP6Nwf1Lfm7enH7+q4vk=,3xzs/YDvLNkEaIGFhvRKHpMNBUI=
63,10,KBhYcUjZP6Nwf1Lfm7enH7+q4vk=,62Loi0TWivpKjhwqRDsF9VITJrY=
63,11,KBhYcUjZP6Nwf1Lfm7enH7+q4vk=,62Loi0TWivpKjhwqRDsF9VITJrY=
58,8,KBhYcUjZP6Nwf1Lfm7enH7+q4vk=,3xzs/YDvLNkEaIGFhvRKHpMNBUI=
63,9,KBhYcUjZP6Nwf1Lfm7enH7+q4vk=,62Loi0TWivpKjhwqRDsF9VITJrY=
58,0,KBhYcUjZP6Nwf1Lfm7enH7+q4vk=,E2HhbyTdOfVF6I6k0hZXlyNk2YA=
62,7,KBhYcUjZP6Nwf1Lfm7enH7+q4vk=,FxhouU4Bls1ZDH36HXi02UYl/a4=
51,3,KBhYcUjZP6Nwf1Lfm7enH7+q4vk=,+9SqxbWEbCUlAMXUr+SsiD8MhGQ=
58,6,KBhYcUjZP6Nwf1Lfm7enH7+q4vk=,GSw1sqetPjWDv8Y1+EVyJgmn5Gk=
52,0,KBhYcUjZP6Nwf1Lfm7enH7+q4vk=,FO+/X0LSgb6Du6/Jp+9xt3wq1B4=
63,8,KBhYcUjZP6Nwf1Lfm7enH7+q4vk=,62Loi0TWivpKjhwqRDsF9VITJrY=
48,11,KBhYcUjZP6Nwf1Lfm7enH7+q4vk=,0sdrXac7WAksIkhSB8hs8/L3lV0=
48,10,KBhYcUjZP6Nwf1Lfm7enH7+q4vk=,0sdrXac7WAksIkhSB8hs8/L3lV0=
48,9,KBhYcUjZP6Nwf1Lfm7enH7+q4vk=,0sdrXac7WAksIkhSB8hs8/L3lV0=
56,6,KBhYcUjZP6Nwf1Lfm7enH7+q4vk=,GSw1sqetPjWDv8Y1+EVyJgmn5Gk=
48,8,KBhYcUjZP6Nwf1Lfm7enH7+q4vk=,0sdrXac7WAksIkhSB8hs8/L3lV0=
58,7,KBhYcUjZP6Nwf1Lfm7enH7+q4vk=,GSw1sqetPjWDv8Y1+EVyJgmn5Gk=
57,9,KBhYcUjZP6Nwf1Lfm7enH7+q4vk=,3xzs/YDvLNkEaIGFhvRKHpMNBUI=
52,3,KBhYcUjZP6Nwf1Lfm7enH7+q4vk=,FO+/X0LSgb6Du6/Jp+9xt3wq1B4=
49,7,KBhYcUjZP6Nwf1Lfm7enH7+q4vk=,1458KNeqCW4P4riVNeQghqRpKA0=
63,7,KBhYcUjZP6Nwf1Lfm7enH7+q4vk=,FxhouU4Bls1ZDH36HXi02UYl/a4=
62,6,KBhYcUjZP6Nwf1Lfm7enH7+q4vk=,FxhouU4Bls1ZDH36HXi02UYl/a4=
51,2,KBhYcUjZP6Nwf1Lfm7enH7+q4vk=,+9SqxbWEbCUlAMXUr+SsiD8MhGQ=
62,1,KBhYcUjZP6Nwf1Lfm7enH7+q4vk=,d42G3+/MqqD4G9iuZQVF9dkX5kw=
63,6,KBhYcUjZP6Nwf1Lfm7enH7+q4vk=,FxhouU4Bls1ZDH36HXi02UYl/a4=
49,1,KBhYcUjZP6Nwf1Lfm7enH7+q4vk=,+9SqxbWEbCUlAMXUr+SsiD8MhGQ=
48,6,KBhYcUjZP6Nwf1Lfm7enH7+q4vk=,1458KNeqCW4P4riVNeQghqRpKA0=
49,6,KBhYcUjZP6Nwf1Lfm7enH7+q4vk=,1458KNeqCW4P4riVNeQghqRpKA0=
48,0,KBhYcUjZP6Nwf1Lfm7enH7+q4vk=,+9SqxbWEbCUlAMXUr+SsiD8MhGQ=
49,0,KBhYcUjZP6Nwf1Lfm7enH7+q4vk=,+9SqxbWEbCUlAMXUr+SsiD8MhGQ=
63,1,KBhYcUjZP6Nwf1Lfm7enH7+q4vk=,d42G3+/MqqD4G9iuZQVF9dkX5kw=
48,7,KBhYcUjZP6Nwf1Lfm7enH7+q4vk=,1458KNeqCW4P4riVNeQghqRpKA0=
48,1,KBhYcUjZP6Nwf1Lfm7enH7+q4vk=,+9SqxbWEbCUlAMXUr+SsiD8MhGQ=
62,0,KBhYcUjZP6Nwf1Lfm7enH7+q4vk=,d42G3+/MqqD4G9iuZQVF9dkX5kw=
63,0,KBhYcUjZP6Nwf1Lfm7enH7+q4vk=,d42G3+/MqqD4G9iuZQVF9dkX5kw=
