-267,-16,RpWBC+dcJ/oXRX9IKf6KVAmAo30=,R/1zhGvPtKJYX+RdXdiaF3xUDnE=
-266,-13,RpWBC+dcJ/oXRX9IKf6KVAmAo30=,R/1zhGvPtKJYX+RdXdiaF3xUDnE=
-265,-13,RpWBC+dcJ/oXRX9IKf6KVAmAo30=,R/1zhGvPtKJYX+RdXdiaF3xUDnE=
-266,-14,RpWBC+dcJ/oXRX9IKf6KVAmAo30=,R/1zhGvPtKJYX+RdXdiaF3xUDnE=
-267,-14,RpWBC+dcJ/oXRX9IKf6KVAmAo30=,R/1zhGvPtKJYX+RdXdiaF3xUDnE=
-263,-13,RpWBC+dcJ/oXRX9IKf6KVAmAo30=,R/1zhGvPtKJYX+RdXdiaF3xUDnE=
-264,-13,RpWBC+dcJ/oXRX9IKf6KVAmAo30=,R/1zhGvPtKJYX+RdXdiaF3xUDnE=
-269,-16,RpWBC+dcJ/oXRX9IKf6KVAmAo30=,R/1zhGvPtKJYX+RdXdiaF3xUDnE=
-262,-13,RpWBC+dcJ/oXRX9IKf6KVAmAo30=,R/1zhGvPtKJYX+RdXdiaF3xUDnE=
-267,-13,RpWBC+dcJ/oXRX9IKf6KVAmAo30=,R/1zhGvPtKJYX+RdXdiaF3xUDnE=
-261,-13,RpWBC+dcJ/oXRX9IKf6KVAmAo30=,R/1zhGvPtKJYX+RdXdiaF3xUDnE=
-260,-13,RpWBC+dcJ/oXRX9IKf6KVAmAo30=,R/1zhGvPtKJYX+RdXdiaF3xUDnE=
-268,-13,RpWBC+dcJ/oXRX9IKf6KVAmAo30=,R/1zhGvPtKJYX+RdXdiaF3xUDnE=
-259,-13,RpWBC+dcJ/oXRX9IKf6KVAmAo30=,R/1zhGvPtKJYX+RdXdiaF3xUDnE=
-258,-13,RpWBC+dcJ/oXRX9IKf6KVAmAo30=,R/1zhGvPtKJYX+RdXdiaF3xUDnE=
-269,-13,RpWBC+dcJ/oXRX9IKf6KVAmAo30=,R/1zhGvPtKJYX+RdXdiaF3xUDnE=
-257,-13,RpWBC+dcJ/oXRX9IKf6KVAmAo30=,R/1zhGvPtKJYX+RdXdiaF3xUDnE=
-267,-15,RpWBC+dcJ/oXRX9IKf6KVAmAo30=,R/1zhGvPtKJYX+RdXdiaF3xUDnE=
-266,-15,RpWBC+dcJ/oXRX9IKf6KVAmAo30=,R/1zhGvPtKJYX+RdXdiaF3xUDnE=
-270,-13,RpWBC+dcJ/oXRX9IKf6KVAmAo30=,R/1zhGvPtKJYX+RdXdiaF3xUDnE=
-268,-15,RpWBC+dcJ/oXRX9IKf6KVAmAo30=,R/1zhGvPtKJYX+RdXdiaF3xUDnE=
-265,-14,RpWBC+dcJ/oXRX9IKf6KVAmAo30=,R/1zhGvPtKJYX+RdXdiaF3xUDnE=
-271,-16,RpWBC+dcJ/oXRX9IKf6KVAmAo30=,R/1zhGvPtKJYX+RdXdiaF3xUDnE=
-268,-14,RpWBC+dcJ/oXRX9IKf6KVAmAo30=,R/1zhGvPtKJYX+RdXdiaF3xUDnE=
-266,-16,RpWBC+dcJ/oXRX9IKf6KVAmAo30=,R/1zhGvPtKJYX+RdXdiaF3xUDnE=
-268,-16,RpWBC+dcJ/oXRX9IKf6KVAmAo30=,R/1zhGvPtKJYX+RdXdiaF3xUDnE=
-271,-12,RpWBC+dcJ/oXRX9IKf6KVAmAo30=,R/1zhGvPtKJYX+RdXdiaF3xUDnE=
-272,-12,RpWBC+dcJ/oXRX9IKf6KVAmAo30=,R/1zhGvPtKJYX+RdXdiaF3xUDnE=
-269,-12,RpWBC+dcJ/oXRX9IKf6KVAmAo30=,R/1zhGvPtKJYX+RdXdiaF3xUDnE=
-271,-13,RpWBC+dcJ/oXRX9IKf6KVAmAo30=,R/1zhGvPtKJYX+RdXdiaF3xUDnE=
-270,-12,RpWBC+dcJ/oXRX9IKf6KVAmAo30=,R/1zhGvPtKJYX+RdXdiaF3xUDnE=
-266,-12,RpWBC+dcJ/oXRX9IKf6KVAmAo30=,R/1zhGvPtKJYX+RdXdiaF3xUDnE=
-268,-12,RpWBC+dcJ/oXRX9IKf6KVAmAo30=,R/1zhGvPtKJYX+RdXdiaF3xUDnE=
-267,-12,RpWBC+dcJ/oXRX9IKf6KVAmAo30=,R/1zhGvPtKJYX+RdXdiaF3xUDnE=
-265,-12,RpWBC+dcJ/oXRX9IKf6KVAmAo30=,R/1zhGvPtKJYX+RdXdiaF3xUDnE=
-269,-14,RpWBC+dcJ/oXRX9IKf6KVAmAo30=,R/1zhGvPtKJYX+RdXdiaF3xUDnE=
-264,-12,RpWBC+dcJ/oXRX9IKf6KVAmAo30=,R/1zhGvPtKJYX+RdXdiaF3xUDnE=
-272,-16,RpWBC+dcJ/oXRX9IKf6KVAmAo30=,R/1zhGvPtKJYX+RdXdiaF3xUDnE=
-263,-12,RpWBC+dcJ/oXRX9IKf6KVAmAo30=,R/1zhGvPtKJYX+RdXdiaF3xUDnE=
-262,-12,RpWBC+dcJ/oXRX9IKf6KVAmAo30=,R/1zhGvPtKJYX+RdXdiaF3xUDnE=
-259,-2,RpWBC+dcJ/oXRX9IKf6KVAmAo30=,R/1zhGvPtKJYX+RdXdiaF3xUDnE=
-261,-12,RpWBC+dcJ/oXRX9IKf6KVAmAo30=,R/1zhGvPtKJYX+RdXdiaF3xUDnE=
-260,-12,RpWBC+dcJ/oXRX9IKf6KVAmAo30=,R/1zhGvPtKJYX+RdXdiaF3xUDnE=
-258,-12,RpWBC+dcJ/oXRX9IKf6KVAmAo30=,R/1zhGvPtKJYX+RdXdiaF3xUDnE=
-257,-12,RpWBC+dcJ/oXRX9IKf6KVAmAo30=,R/1zhGvPtKJYX+RdXdiaF3xUDnE=
-265,-15,RpWBC+dcJ/oXRX9IKf6KVAmAo30=,R/1zhGvPtKJYX+RdXdiaF3xUDnE=
-264,-14,RpWBC+dcJ/oXRX9IKf6KVAmAo30=,R/1zhGvPtKJYX+RdXdiaF3xUDnE=
-263,-2,RpWBC+dcJ/oXRX9IKf6KVAmAo30=,R/1zhGvPtKJYX+RdXdiaF3xUDnE=
-265,-16,RpWBC+dcJ/oXRX9IKf6KVAmAo30=,R/1zhGvPtKJYX+RdXdiaF3xUDnE=
-264,-2,RpWBC+dcJ/oXRX9IKf6KVAmAo30=,R/1zhGvPtKJYX+RdXdiaF3xUDnE=
-259,-12,RpWBC+dcJ/oXRX9IKf6KVAmAo30=,R/1zhGvPtKJYX+RdXdiaF3xUDnE=
-266,-2,RpWBC+dcJ/oXRX9IKf6KVAmAo30=,R/1zhGvPtKJYX+RdXdiaF3xUDnE=
-265,-2,RpWBC+dcJ/oXRX9IKf6KVAmAo30=,R/1zhGvPtKJYX+RdXdiaF3xUDnE=
-267,-2,RpWBC+dcJ/oXRX9IKf6KVAmAo30=,R/1zhGvPtKJYX+RdXdiaF3xUDnE=
-272,-11,RpWBC+dcJ/oXRX9IKf6KVAmAo30=,R/1zhGvPtKJYX+RdXdiaF3xUDnE=
-269,-2,RpWBC+dcJ/oXRX9IKf6KVAmAo30=,R/1zhGvPtKJYX+RdXdiaF3xUDnE=
-271,-11,RpWBC+dcJ/oXRX9IKf6KVAmAo30=,R/1zhGvPtKJYX+RdXdiaF3xUDnE=
-268,-2,RpWBC+dcJ/oXRX9IKf6KVAmAo30=,R/1zhGvPtKJYX+RdXdiaF3xUDnE=
-269,-15,RpWBC+dcJ/oXRX9IKf6KVAmAo30=,R/1zhGvPtKJYX+RdXdiaF3xUDnE=
-268,-11,RpWBC+dcJ/oXRX9IKf6KVAmAo30=,R/1zhGvPtKJYX+RdXdiaF3xUDnE=
-270,-11,RpWBC+dcJ/oXRX9IKf6KVAmAo30=,R/1zhGvPtKJYX+RdXdiaF3xUDnE=
-269,-11,RpWBC+dcJ/oXRX9IKf6KVAmAo30=,R/1zhGvPtKJYX+RdXdiaF3xUDnE=
-258,-3,RpWBC+dcJ/oXRX9IKf6KVAmAo30=,R/1zhGvPtKJYX+RdXdiaF3xUDnE=
-267,-11,RpWBC+dcJ/oXRX9IKf6KVAmAo30=,R/1zhGvPtKJYX+RdXdiaF3xUDnE=
-266,-11,RpWBC+dcJ/oXRX9IKf6KVAmAo30=,R/1zhGvPtKJYX+RdXdiaF3xUDnE=
-270,-14,RpWBC+dcJ/oXRX9IKf6KVAmAo30=,R/1zhGvPtKJYX+RdXdiaF3xUDnE=
-265,-11,RpWBC+dcJ/oXRX9IKf6KVAmAo30=,R/1zhGvPtKJYX+RdXdiaF3xUDnE=
-261,-3,RpWBC+dcJ/oXRX9IKf6KVAmAo30=,R/1zhGvPtKJYX+RdXdiaF3xUDnE=
-264,-11,RpWBC+dcJ/oXRX9IKf6KVAmAo30=,R/1zhGvPtKJYX+RdXdiaF3xUDnE=
-259,-3,RpWBC+dcJ/oXRX9IKf6KVAmAo30=,R/1zhGvPtKJYX+RdXdiaF3xUDnE=
-260,-3,RpWBC+dcJ/oXRX9IKf6KVAmAo30=,R/1zhGvPtKJYX+RdXdiaF3xUDnE=
-262,-3,RpWBC+dcJ/oXRX9IKf6KVAmAo30=,R/1zhGvPtKJYX+RdXdiaF3xUDnE=
-263,-11,RpWBC+dcJ/oXRX9IKf6KVAmAo30=,R/1zhGvPtKJYX+RdXdiaF3xUDnE=
-264,-3,RpWBC+dcJ/oXRX9IKf6KVAmAo30=,R/1zhGvPtKJYX+RdXdiaF3xUDnE=
-262,-11,RpWBC+dcJ/oXRX9IKf6KVAmAo30=,R/1zhGvPtKJYX+RdXdiaF3xUDnE=
-263,-3,RpWBC+dcJ/oXRX9IKf6KVAmAo30=,R/1zhGvPtKJYX+RdXdiaF3xUDnE=
-261,-11,RpWBC+dcJ/oXRX9IKf6KVAmAo30=,R/1zhGvPtKJYX+RdXdiaF3xUDnE=
-265,-3,RpWBC+dcJ/oXRX9IKf6KVAmAo30=,R/1zhGvPtKJYX+RdXdiaF3xUDnE=
-260,-11,RpWBC+dcJ/oXRX9IKf6KVAmAo30=,R/1zhGvPtKJYX+RdXdiaF3xUDnE=
-258,-11,RpWBC+dcJ/oXRX9IKf6KVAmAo30=,R/1zhGvPtKJYX+RdXdiaF3xUDnE=
-259,-11,RpWBC+dcJ/oXRX9IKf6KVAmAo30=,R/1zhGvPtKJYX+RdXdiaF3xUDnE=
-266,-3,RpWBC+dcJ/oXRX9IKf6KVAmAo30=,R/1zhGvPtKJYX+RdXdiaF3xUDnE=
-257,-11,RpWBC+dcJ/oXRX9IKf6KVAmAo30=,R/1zhGvPtKJYX+RdXdiaF3xUDnE=
-264,-15,RpWBC+dcJ/oXRX9IKf6KVAmAo30=,R/1zhGvPtKJYX+RdXdiaF3xUDnE=
-264,-16,RpWBC+dcJ/oXRX9IKf6KVAmAo30=,R/1zhGvPtKJYX+RdXdiaF3xUDnE=
-267,-3,RpWBC+dcJ/oXRX9IKf6KVAmAo30=,R/1zhGvPtKJYX+RdXdiaF3xUDnE=
-263,-14,RpWBC+dcJ/oXRX9IKf6KVAmAo30=,R/1zhGvPtKJYX+RdXdiaF3xUDnE=
-271,-10,RpWBC+dcJ/oXRX9IKf6KVAmAo30=,R/1zhGvPtKJYX+RdXdiaF3xUDnE=
-272,-10,RpWBC+dcJ/oXRX9IKf6KVAmAo30=,R/1zhGvPtKJYX+RdXdiaF3xUDnE=
-270,-10,RpWBC+dcJ/oXRX9IKf6KVAmAo30=,R/1zhGvPtKJYX+RdXdiaF3xUDnE=
-268,-3,RpWBC+dcJ/oXRX9IKf6KVAmAo30=,R/1zhGvPtKJYX+RdXdiaF3xUDnE=
-269,-3,RpWBC+dcJ/oXRX9IKf6KVAmAo30=,R/1zhGvPtKJYX+RdXdiaF3xUDnE=
-271,-3,RpWBC+dcJ/oXRX9IKf6KVAmAo30=,R/1zhGvPtKJYX+RdXdiaF3xUDnE=
-270,-3,RpWBC+dcJ/oXRX9IKf6KVAmAo30=,R/1zhGvPtKJYX+RdXdiaF3xUDnE=
-272,-3,RpWBC+dcJ/oXRX9IKf6KVAmAo30=,R/1zhGvPtKJYX+RdXdiaF3xUDnE=
-271,-14,RpWBC+dcJ/oXRX9IKf6KVAmAo30=,R/1zhGvPtKJYX+RdXdiaF3xUDnE=
-270,-15,RpWBC+dcJ/oXRX9IKf6KVAmAo30=,R/1zhGvPtKJYX+RdXdiaF3xUDnE=
-259,-4,RpWBC+dcJ/oXRX9IKf6KVAmAo30=,R/1zhGvPtKJYX+RdXdiaF3xUDnE=
-258,-4,RpWBC+dcJ/oXRX9IKf6KVAmAo30=,R/1zhGvPtKJYX+RdXdiaF3xUDnE=
-268,-10,RpWBC+dcJ/oXRX9IKf6KVAmAo30=,R/1zhGvPtKJYX+RdXdiaF3xUDnE=
-267,-10,RpWBC+dcJ/oXRX9IKf6KVAmAo30=,R/1zhGvPtKJYX+RdXdiaF3xUDnE=
-269,-10,RpWBC+dcJ/oXRX9IKf6KVAmAo30=,R/1zhGvPtKJYX+RdXdiaF3xUDnE=
-266,-10,RpWBC+dcJ/oXRX9IKf6KVAmAo30=,R/1zhGvPtKJYX+RdXdiaF3xUDnE=
-265,-10,RpWBC+dcJ/oXRX9IKf6KVAmAo30=,R/1zhGvPtKJYX+RdXdiaF3xUDnE=
-264,-10,RpWBC+dcJ/oXRX9IKf6KVAmAo30=,R/1zhGvPtKJYX+RdXdiaF3xUDnE=
-260,-4,RpWBC+dcJ/oXRX9IKf6KVAmAo30=,R/1zhGvPtKJYX+RdXdiaF3xUDnE=
-263,-10,RpWBC+dcJ/oXRX9IKf6KVAmAo30=,R/1zhGvPtKJYX+RdXdiaF3xUDnE=
-261,-4,RpWBC+dcJ/oXRX9IKf6KVAmAo30=,R/1zhGvPtKJYX+RdXdiaF3xUDnE=
-263,-4,RpWBC+dcJ/oXRX9IKf6KVAmAo30=,R/1zhGvPtKJYX+RdXdiaF3xUDnE=
-262,-4,RpWBC+dcJ/oXRX9IKf6KVAmAo30=,R/1zhGvPtKJYX+RdXdiaF3xUDnE=
-261,-10,RpWBC+dcJ/oXRX9IKf6KVAmAo30=,R/1zhGvPtKJYX+RdXdiaF3xUDnE=
-262,-10,RpWBC+dcJ/oXRX9IKf6KVAmAo30=,R/1zhGvPtKJYX+RdXdiaF3xUDnE=
-259,-10,RpWBC+dcJ/oXRX9IKf6KVAmAo30=,R/1zhGvPtKJYX+RdXdiaF3xUDnE=
-258,-10,RpWBC+dcJ/oXRX9IKf6KVAmAo30=,R/1zhGvPtKJYX+RdXdiaF3xUDnE=
-260,-10,RpWBC+dcJ/oXRX9IKf6KVAmAo30=,R/1zhGvPtKJYX+RdXdiaF3xUDnE=
-257,-10,RpWBC+dcJ/oXRX9IKf6KVAmAo30=,R/1zhGvPtKJYX+RdXdiaF3xUDnE=
-263,-15,RpWBC+dcJ/oXRX9IKf6KVAmAo30=,R/1zhGvPtKJYX+RdXdiaF3xUDnE=
-272,-9,RpWBC+dcJ/oXRX9IKf6KVAmAo30=,R/1zhGvPtKJYX+RdXdiaF3xUDnE=
-262,-14,RpWBC+dcJ/oXRX9IKf6KVAmAo30=,R/1zhGvPtKJYX+RdXdiaF3xUDnE=
-263,-16,RpWBC+dcJ/oXRX9IKf6KVAmAo30=,R/1zhGvPtKJYX+RdXdiaF3xUDnE=
-271,-9,RpWBC+dcJ/oXRX9IKf6KVAmAo30=,R/1zhGvPtKJYX+RdXdiaF3xUDnE=
-265,-4,RpWBC+dcJ/oXRX9IKf6KVAmAo30=,R/1zhGvPtKJYX+RdXdiaF3xUDnE=
-264,-4,RpWBC+dcJ/oXRX9IKf6KVAmAo30=,R/1zhGvPtKJYX+RdXdiaF3xUDnE=
-270,-9,RpWBC+dcJ/oXRX9IKf6KVAmAo30=,R/1zhGvPtKJYX+RdXdiaF3xUDnE=
-266,-4,RpWBC+dcJ/oXRX9IKf6KVAmAo30=,R/1zhGvPtKJYX+RdXdiaF3xUDnE=
-269,-9,RpWBC+dcJ/oXRX9IKf6KVAmAo30=,R/1zhGvPtKJYX+RdXdiaF3xUDnE=
-268,-9,RpWBC+dcJ/oXRX9IKf6KVAmAo30=,R/1zhGvPtKJYX+RdXdiaF3xUDnE=
-267,-9,RpWBC+dcJ/oXRX9IKf6KVAmAo30=,R/1zhGvPtKJYX+RdXdiaF3xUDnE=
-266,-9,RpWBC+dcJ/oXRX9IKf6KVAmAo30=,R/1zhGvPtKJYX+RdXdiaF3xUDnE=
-264,-9,RpWBC+dcJ/oXRX9IKf6KVAmAo30=,R/1zhGvPtKJYX+RdXdiaF3xUDnE=
-263,-9,RpWBC+dcJ/oXRX9IKf6KVAmAo30=,R/1zhGvPtKJYX+RdXdiaF3xUDnE=
-262,-9,RpWBC+dcJ/oXRX9IKf6KVAmAo30=,R/1zhGvPtKJYX+RdXdiaF3xUDnE=
-260,-9,RpWBC+dcJ/oXRX9IKf6KVAmAo30=,R/1zhGvPtKJYX+RdXdiaF3xUDnE=
-265,-9,RpWBC+dcJ/oXRX9IKf6KVAmAo30=,R/1zhGvPtKJYX+RdXdiaF3xUDnE=
-259,-9,RpWBC+dcJ/oXRX9IKf6KVAmAo30=,R/1zhGvPtKJYX+RdXdiaF3xUDnE=
-261,-9,RpWBC+dcJ/oXRX9IKf6KVAmAo30=,R/1zhGvPtKJYX+RdXdiaF3xUDnE=
-258,-9,RpWBC+dcJ/oXRX9IKf6KVAmAo30=,R/1zhGvPtKJYX+RdXdiaF3xUDnE=
-257,-9,RpWBC+dcJ/oXRX9IKf6KVAmAo30=,R/1zhGvPtKJYX+RdXdiaF3xUDnE=
-262,-15,RpWBC+dcJ/oXRX9IKf6KVAmAo30=,R/1zhGvPtKJYX+RdXdiaF3xUDnE=
-272,-8,RpWBC+dcJ/oXRX9IKf6KVAmAo30=,R/1zhGvPtKJYX+RdXdiaF3xUDnE=
-261,-14,RpWBC+dcJ/oXRX9IKf6KVAmAo30=,R/1zhGvPtKJYX+RdXdiaF3xUDnE=
-267,-4,RpWBC+dcJ/oXRX9IKf6KVAmAo30=,R/1zhGvPtKJYX+RdXdiaF3xUDnE=
-262,-16,RpWBC+dcJ/oXRX9IKf6KVAmAo30=,R/1zhGvPtKJYX+RdXdiaF3xUDnE=
-271,-8,RpWBC+dcJ/oXRX9IKf6KVAmAo30=,R/1zhGvPtKJYX+RdXdiaF3xUDnE=
-270,-8,RpWBC+dcJ/oXRX9IKf6KVAmAo30=,R/1zhGvPtKJYX+RdXdiaF3xUDnE=
-268,-4,RpWBC+dcJ/oXRX9IKf6KVAmAo30=,R/1zhGvPtKJYX+RdXdiaF3xUDnE=
-269,-8,RpWBC+dcJ/oXRX9IKf6KVAmAo30=,R/1zhGvPtKJYX+RdXdiaF3xUDnE=
-269,-4,RpWBC+dcJ/oXRX9IKf6KVAmAo30=,R/1zhGvPtKJYX+RdXdiaF3xUDnE=
-268,-8,RpWBC+dcJ/oXRX9IKf6KVAmAo30=,R/1zhGvPtKJYX+RdXdiaF3xUDnE=
-270,-4,RpWBC+dcJ/oXRX9IKf6KVAmAo30=,R/1zhGvPtKJYX+RdXdiaF3xUDnE=
-267,-8,RpWBC+dcJ/oXRX9IKf6KVAmAo30=,R/1zhGvPtKJYX+RdXdiaF3xUDnE=
-271,-4,RpWBC+dcJ/oXRX9IKf6KVAmAo30=,R/1zhGvPtKJYX+RdXdiaF3xUDnE=
-272,-4,RpWBC+dcJ/oXRX9IKf6KVAmAo30=,R/1zhGvPtKJYX+RdXdiaF3xUDnE=
-266,-8,RpWBC+dcJ/oXRX9IKf6KVAmAo30=,R/1zhGvPtKJYX+RdXdiaF3xUDnE=
-271,-15,RpWBC+dcJ/oXRX9IKf6KVAmAo30=,R/1zhGvPtKJYX+RdXdiaF3xUDnE=
-272,-15,RpWBC+dcJ/oXRX9IKf6KVAmAo30=,R/1zhGvPtKJYX+RdXdiaF3xUDnE=
-272,-13,RpWBC+dcJ/oXRX9IKf6KVAmAo30=,R/1zhGvPtKJYX+RdXdiaF3xUDnE=
-257,-16,RpWBC+dcJ/oXRX9IKf6KVAmAo30=,R/1zhGvPtKJYX+RdXdiaF3xUDnE=
-265,-8,RpWBC+dcJ/oXRX9IKf6KVAmAo30=,R/1zhGvPtKJYX+RdXdiaF3xUDnE=
-272,-14,RpWBC+dcJ/oXRX9IKf6KVAmAo30=,R/1zhGvPtKJYX+RdXdiaF3xUDnE=
-264,-8,RpWBC+dcJ/oXRX9IKf6KVAmAo30=,R/1zhGvPtKJYX+RdXdiaF3xUDnE=
-270,-16,RpWBC+dcJ/oXRX9IKf6KVAmAo30=,R/1zhGvPtKJYX+RdXdiaF3xUDnE=
-263,-8,RpWBC+dcJ/oXRX9IKf6KVAmAo30=,R/1zhGvPtKJYX+RdXdiaF3xUDnE=
-262,-8,RpWBC+dcJ/oXRX9IKf6KVAmAo30=,R/1zhGvPtKJYX+RdXdiaF3xUDnE=
-258,-16,RpWBC+dcJ/oXRX9IKf6KVAmAo30=,R/1zhGvPtKJYX+RdXdiaF3xUDnE=
-261,-8,RpWBC+dcJ/oXRX9IKf6KVAmAo30=,R/1zhGvPtKJYX+RdXdiaF3xUDnE=
-260,-8,RpWBC+dcJ/oXRX9IKf6KVAmAo30=,R/1zhGvPtKJYX+RdXdiaF3xUDnE=
-258,-8,RpWBC+dcJ/oXRX9IKf6KVAmAo30=,R/1zhGvPtKJYX+RdXdiaF3xUDnE=
-259,-8,RpWBC+dcJ/oXRX9IKf6KVAmAo30=,R/1zhGvPtKJYX+RdXdiaF3xUDnE=
-257,-8,RpWBC+dcJ/oXRX9IKf6KVAmAo30=,R/1zhGvPtKJYX+RdXdiaF3xUDnE=
-261,-15,RpWBC+dcJ/oXRX9IKf6KVAmAo30=,R/1zhGvPtKJYX+RdXdiaF3xUDnE=
-272,-7,RpWBC+dcJ/oXRX9IKf6KVAmAo30=,R/1zhGvPtKJYX+RdXdiaF3xUDnE=
-260,-14,RpWBC+dcJ/oXRX9IKf6KVAmAo30=,R/1zhGvPtKJYX+RdXdiaF3xUDnE=
-261,-16,RpWBC+dcJ/oXRX9IKf6KVAmAo30=,R/1zhGvPtKJYX+RdXdiaF3xUDnE=
-271,-7,RpWBC+dcJ/oXRX9IKf6KVAmAo30=,R/1zhGvPtKJYX+RdXdiaF3xUDnE=
-270,-7,RpWBC+dcJ/oXRX9IKf6KVAmAo30=,R/1zhGvPtKJYX+RdXdiaF3xUDnE=
-269,-7,RpWBC+dcJ/oXRX9IKf6KVAmAo30=,R/1zhGvPtKJYX+RdXdiaF3xUDnE=
-267,-7,RpWBC+dcJ/oXRX9IKf6KVAmAo30=,R/1zhGvPtKJYX+RdXdiaF3xUDnE=
-268,-7,RpWBC+dcJ/oXRX9IKf6KVAmAo30=,R/1zhGvPtKJYX+RdXdiaF3xUDnE=
-266,-7,RpWBC+dcJ/oXRX9IKf6KVAmAo30=,R/1zhGvPtKJYX+RdXdiaF3xUDnE=
-265,-7,RpWBC+dcJ/oXRX9IKf6KVAmAo30=,R/1zhGvPtKJYX+RdXdiaF3xUDnE=
-264,-7,RpWBC+dcJ/oXRX9IKf6KVAmAo30=,R/1zhGvPtKJYX+RdXdiaF3xUDnE=
-263,-7,RpWBC+dcJ/oXRX9IKf6KVAmAo30=,R/1zhGvPtKJYX+RdXdiaF3xUDnE=
-261,-7,RpWBC+dcJ/oXRX9IKf6KVAmAo30=,R/1zhGvPtKJYX+RdXdiaF3xUDnE=
-260,-7,RpWBC+dcJ/oXRX9IKf6KVAmAo30=,R/1zhGvPtKJYX+RdXdiaF3xUDnE=
-259,-7,RpWBC+dcJ/oXRX9IKf6KVAmAo30=,R/1zhGvPtKJYX+RdXdiaF3xUDnE=
-262,-7,RpWBC+dcJ/oXRX9IKf6KVAmAo30=,R/1zhGvPtKJYX+RdXdiaF3xUDnE=
-257,-7,RpWBC+dcJ/oXRX9IKf6KVAmAo30=,R/1zhGvPtKJYX+RdXdiaF3xUDnE=
-258,-7,RpWBC+dcJ/oXRX9IKf6KVAmAo30=,R/1zhGvPtKJYX+RdXdiaF3xUDnE=
-260,-15,RpWBC+dcJ/oXRX9IKf6KVAmAo30=,R/1zhGvPtKJYX+RdXdiaF3xUDnE=
-272,-6,RpWBC+dcJ/oXRX9IKf6KVAmAo30=,R/1zhGvPtKJYX+RdXdiaF3xUDnE=
-259,-14,RpWBC+dcJ/oXRX9IKf6KVAmAo30=,R/1zhGvPtKJYX+RdXdiaF3xUDnE=
-260,-16,RpWBC+dcJ/oXRX9IKf6KVAmAo30=,R/1zhGvPtKJYX+RdXdiaF3xUDnE=
-270,-6,RpWBC+dcJ/oXRX9IKf6KVAmAo30=,R/1zhGvPtKJYX+RdXdiaF3xUDnE=
-269,-6,RpWBC+dcJ/oXRX9IKf6KVAmAo30=,R/1zhGvPtKJYX+RdXdiaF3xUDnE=
-271,-6,RpWBC+dcJ/oXRX9IKf6KVAmAo30=,R/1zhGvPtKJYX+RdXdiaF3xUDnE=
-268,-6,RpWBC+dcJ/oXRX9IKf6KVAmAo30=,R/1zhGvPtKJYX+RdXdiaF3xUDnE=
-267,-6,RpWBC+dcJ/oXRX9IKf6KVAmAo30=,R/1zhGvPtKJYX+RdXdiaF3xUDnE=
-266,-6,RpWBC+dcJ/oXRX9IKf6KVAmAo30=,R/1zhGvPtKJYX+RdXdiaF3xUDnE=
-264,-6,RpWBC+dcJ/oXRX9IKf6KVAmAo30=,R/1zhGvPtKJYX+RdXdiaF3xUDnE=
-265,-6,RpWBC+dcJ/oXRX9IKf6KVAmAo30=,R/1zhGvPtKJYX+RdXdiaF3xUDnE=
-263,-6,RpWBC+dcJ/oXRX9IKf6KVAmAo30=,R/1zhGvPtKJYX+RdXdiaF3xUDnE=
-262,-6,RpWBC+dcJ/oXRX9IKf6KVAmAo30=,R/1zhGvPtKJYX+RdXdiaF3xUDnE=
-260,-6,RpWBC+dcJ/oXRX9IKf6KVAmAo30=,R/1zhGvPtKJYX+RdXdiaF3xUDnE=
-261,-6,RpWBC+dcJ/oXRX9IKf6KVAmAo30=,R/1zhGvPtKJYX+RdXdiaF3xUDnE=
-259,-6,RpWBC+dcJ/oXRX9IKf6KVAmAo30=,R/1zhGvPtKJYX+RdXdiaF3xUDnE=
-258,-6,RpWBC+dcJ/oXRX9IKf6KVAmAo30=,R/1zhGvPtKJYX+RdXdiaF3xUDnE=
-257,-6,RpWBC+dcJ/oXRX9IKf6KVAmAo30=,R/1zhGvPtKJYX+RdXdiaF3xUDnE=
-259,-15,RpWBC+dcJ/oXRX9IKf6KVAmAo30=,R/1zhGvPtKJYX+RdXdiaF3xUDnE=
-259,-16,RpWBC+dcJ/oXRX9IKf6KVAmAo30=,R/1zhGvPtKJYX+RdXdiaF3xUDnE=
-258,-14,RpWBC+dcJ/oXRX9IKf6KVAmAo30=,R/1zhGvPtKJYX+RdXdiaF3xUDnE=
-271,-5,RpWBC+dcJ/oXRX9IKf6KVAmAo30=,R/1zhGvPtKJYX+RdXdiaF3xUDnE=
-272,-5,RpWBC+dcJ/oXRX9IKf6KVAmAo30=,R/1zhGvPtKJYX+RdXdiaF3xUDnE=
-270,-5,RpWBC+dcJ/oXRX9IKf6KVAmAo30=,R/1zhGvPtKJYX+RdXdiaF3xUDnE=
-269,-5,RpWBC+dcJ/oXRX9IKf6KVAmAo30=,R/1zhGvPtKJYX+RdXdiaF3xUDnE=
-268,-5,RpWBC+dcJ/oXRX9IKf6KVAmAo30=,R/1zhGvPtKJYX+RdXdiaF3xUDnE=
-266,-5,RpWBC+dcJ/oXRX9IKf6KVAmAo30=,R/1zhGvPtKJYX+RdXdiaF3xUDnE=
-267,-5,RpWBC+dcJ/oXRX9IKf6KVAmAo30=,R/1zhGvPtKJYX+RdXdiaF3xUDnE=
-265,-5,RpWBC+dcJ/oXRX9IKf6KVAmAo30=,R/1zhGvPtKJYX+RdXdiaF3xUDnE=
-264,-5,RpWBC+dcJ/oXRX9IKf6KVAmAo30=,R/1zhGvPtKJYX+RdXdiaF3xUDnE=
-263,-5,RpWBC+dcJ/oXRX9IKf6KVAmAo30=,R/1zhGvPtKJYX+RdXdiaF3xUDnE=
-262,-5,RpWBC+dcJ/oXRX9IKf6KVAmAo30=,R/1zhGvPtKJYX+RdXdiaF3xUDnE=
-261,-5,RpWBC+dcJ/oXRX9IKf6KVAmAo30=,R/1zhGvPtKJYX+RdXdiaF3xUDnE=
-260,-5,RpWBC+dcJ/oXRX9IKf6KVAmAo30=,R/1zhGvPtKJYX+RdXdiaF3xUDnE=
-259,-5,RpWBC+dcJ/oXRX9IKf6KVAmAo30=,R/1zhGvPtKJYX+RdXdiaF3xUDnE=
-258,-5,RpWBC+dcJ/oXRX9IKf6KVAmAo30=,R/1zhGvPtKJYX+RdXdiaF3xUDnE=
-257,-5,RpWBC+dcJ/oXRX9IKf6KVAmAo30=,R/1zhGvPtKJYX+RdXdiaF3xUDnE=
-257,-15,RpWBC+dcJ/oXRX9IKf6KVAmAo30=,R/1zhGvPtKJYX+RdXdiaF3xUDnE=
-258,-15,RpWBC+dcJ/oXRX9IKf6KVAmAo30=,R/1zhGvPtKJYX+RdXdiaF3xUDnE=
-257,-14,RpWBC+dcJ/oXRX9IKf6KVAmAo30=,R/1zhGvPtKJYX+RdXdiaF3xUDnE=
-260,-1,RpWBC+dcJ/oXRX9IKf6KVAmAo30=,R/1zhGvPtKJYX+RdXdiaF3xUDnE=
-259,-1,RpWBC+dcJ/oXRX9IKf6KVAmAo30=,R/1zhGvPtKJYX+RdXdiaF3xUDnE=
-266,-1,RpWBC+dcJ/oXRX9IKf6KVAmAo30=,R/1zhGvPtKJYX+RdXdiaF3xUDnE=
-263,-1,RpWBC+dcJ/oXRX9IKf6KVAmAo30=,R/1zhGvPtKJYX+RdXdiaF3xUDnE=
-264,-1,RpWBC+dcJ/oXRX9IKf6KVAmAo30=,R/1zhGvPtKJYX+RdXdiaF3xUDnE=
-265,-1,RpWBC+dcJ/oXRX9IKf6KVAmAo30=,R/1zhGvPtKJYX+RdXdiaF3xUDnE=
-258,-1,RpWBC+dcJ/oXRX9IKf6KVAmAo30=,R/1zhGvPtKJYX+RdXdiaF3xUDnE=
-267,-1,RpWBC+dcJ/oXRX9IKf6KVAmAo30=,R/1zhGvPtKJYX+RdXdiaF3xUDnE=
-272,-1,RpWBC+dcJ/oXRX9IKf6KVAmAo30=,R/1zhGvPtKJYX+RdXdiaF3xUDnE=
-261,-1,RpWBC+dcJ/oXRX9IKf6KVAmAo30=,R/1zhGvPtKJYX+RdXdiaF3xUDnE=
-257,-4,RpWBC+dcJ/oXRX9IKf6KVAmAo30=,R/1zhGvPtKJYX+RdXdiaF3xUDnE=
-258,-2,RpWBC+dcJ/oXRX9IKf6KVAmAo30=,R/1zhGvPtKJYX+RdXdiaF3xUDnE=
-262,-1,RpWBC+dcJ/oXRX9IKf6KVAmAo30=,R/1zhGvPtKJYX+RdXdiaF3xUDnE=
-268,-1,RpWBC+dcJ/oXRX9IKf6KVAmAo30=,R/1zhGvPtKJYX+RdXdiaF3xUDnE=
-257,-1,RpWBC+dcJ/oXRX9IKf6KVAmAo30=,R/1zhGvPtKJYX+RdXdiaF3xUDnE=
-260,-2,RpWBC+dcJ/oXRX9IKf6KVAmAo30=,R/1zhGvPtKJYX+RdXdiaF3xUDnE=
-257,-2,RpWBC+dcJ/oXRX9IKf6KVAmAo30=,R/1zhGvPtKJYX+RdXdiaF3xUDnE=
-257,-3,RpWBC+dcJ/oXRX9IKf6KVAmAo30=,R/1zhGvPtKJYX+RdXdiaF3xUDnE=
-270,-2,RpWBC+dcJ/oXRX9IKf6KVAmAo30=,R/1zhGvPtKJYX+RdXdiaF3xUDnE=
-270,-1,RpWBC+dcJ/oXRX9IKf6KVAmAo30=,R/1zhGvPtKJYX+RdXdiaF3xUDnE=
-271,-1,RpWBC+dcJ/oXRX9IKf6KVAmAo30=,R/1zhGvPtKJYX+RdXdiaF3xUDnE=
-262,-2,RpWBC+dcJ/oXRX9IKf6KVAmAo30=,R/1zhGvPtKJYX+RdXdiaF3xUDnE=
-269,-1,RpWBC+dcJ/oXRX9IKf6KVAmAo30=,R/1zhGvPtKJYX+RdXdiaF3xUDnE=
-261,-2,RpWBC+dcJ/oXRX9IKf6KVAmAo30=,R/1zhGvPtKJYX+RdXdiaF3xUDnE=
-272,-2,RpWBC+dcJ/oXRX9IKf6KVAmAo30=,R/1zhGvPtKJYX+RdXdiaF3xUDnE=
-271,-2,RpWBC+dcJ/oXRX9IKf6KVAmAo30=,R/1zhGvPtKJYX+RdXdiaF3xUDnE=
-282,-14,Vu60rknkuaNhvYUbTtAVKm35mNk=,lnkhRCErNv1eKqgi2zhjmVcj9y8=
-283,-14,Vu60rknkuaNhvYUbTtAVKm35mNk=,lnkhRCErNv1eKqgi2zhjmVcj9y8=
-283,-16,Vu60rknkuaNhvYUbTtAVKm35mNk=,lnkhRCErNv1eKqgi2zhjmVcj9y8=
-282,-13,Vu60rknkuaNhvYUbTtAVKm35mNk=,lnkhRCErNv1eKqgi2zhjmVcj9y8=
-285,-16,Vu60rknkuaNhvYUbTtAVKm35mNk=,lnkhRCErNv1eKqgi2zhjmVcj9y8=
-283,-13,Vu60rknkuaNhvYUbTtAVKm35mNk=,lnkhRCErNv1eKqgi2zhjmVcj9y8=
-284,-13,Vu60rknkuaNhvYUbTtAVKm35mNk=,lnkhRCErNv1eKqgi2zhjmVcj9y8=
-285,-13,Vu60rknkuaNhvYUbTtAVKm35mNk=,lnkhRCErNv1eKqgi2zhjmVcj9y8=
-283,-15,Vu60rknkuaNhvYUbTtAVKm35mNk=,lnkhRCErNv1eKqgi2zhjmVcj9y8=
-284,-15,Vu60rknkuaNhvYUbTtAVKm35mNk=,lnkhRCErNv1eKqgi2zhjmVcj9y8=
-286,-13,Vu60rknkuaNhvYUbTtAVKm35mNk=,lnkhRCErNv1eKqgi2zhjmVcj9y8=
-284,-14,Vu60rknkuaNhvYUbTtAVKm35mNk=,lnkhRCErNv1eKqgi2zhjmVcj9y8=
-287,-16,Vu60rknkuaNhvYUbTtAVKm35mNk=,lnkhRCErNv1eKqgi2zhjmVcj9y8=
-281,-13,Vu60rknkuaNhvYUbTtAVKm35mNk=,lnkhRCErNv1eKqgi2zhjmVcj9y8=
-284,-16,Vu60rknkuaNhvYUbTtAVKm35mNk=,lnkhRCErNv1eKqgi2zhjmVcj9y8=
-287,-13,Vu60rknkuaNhvYUbTtAVKm35mNk=,lnkhRCErNv1eKqgi2zhjmVcj9y8=
-280,-13,Vu60rknkuaNhvYUbTtAVKm35mNk=,lnkhRCErNv1eKqgi2zhjmVcj9y8=
-285,-14,Vu60rknkuaNhvYUbTtAVKm35mNk=,lnkhRCErNv1eKqgi2zhjmVcj9y8=
-273,-2,Vu60rknkuaNhvYUbTtAVKm35mNk=,lnkhRCErNv1eKqgi2zhjmVcj9y8=
-279,-13,Vu60rknkuaNhvYUbTtAVKm35mNk=,lnkhRCErNv1eKqgi2zhjmVcj9y8=
-278,-13,Vu60rknkuaNhvYUbTtAVKm35mNk=,lnkhRCErNv1eKqgi2zhjmVcj9y8=
-275,-2,Vu60rknkuaNhvYUbTtAVKm35mNk=,lnkhRCErNv1eKqgi2zhjmVcj9y8=
-276,-2,Vu60rknkuaNhvYUbTtAVKm35mNk=,lnkhRCErNv1eKqgi2zhjmVcj9y8=
-277,-13,Vu60rknkuaNhvYUbTtAVKm35mNk=,lnkhRCErNv1eKqgi2zhjmVcj9y8=
-276,-13,Vu60rknkuaNhvYUbTtAVKm35mNk=,lnkhRCErNv1eKqgi2zhjmVcj9y8=
-277,-2,Vu60rknkuaNhvYUbTtAVKm35mNk=,lnkhRCErNv1eKqgi2zhjmVcj9y8=
-278,-2,Vu60rknkuaNhvYUbTtAVKm35mNk=,lnkhRCErNv1eKqgi2zhjmVcj9y8=
-275,-13,Vu60rknkuaNhvYUbTtAVKm35mNk=,lnkhRCErNv1eKqgi2zhjmVcj9y8=
-279,-2,Vu60rknkuaNhvYUbTtAVKm35mNk=,lnkhRCErNv1eKqgi2zhjmVcj9y8=
-274,-13,Vu60rknkuaNhvYUbTtAVKm35mNk=,lnkhRCErNv1eKqgi2zhjmVcj9y8=
-280,-2,Vu60rknkuaNhvYUbTtAVKm35mNk=,lnkhRCErNv1eKqgi2zhjmVcj9y8=
-273,-13,Vu60rknkuaNhvYUbTtAVKm35mNk=,lnkhRCErNv1eKqgi2zhjmVcj9y8=
-282,-2,Vu60rknkuaNhvYUbTtAVKm35mNk=,lnkhRCErNv1eKqgi2zhjmVcj9y8=
-283,-2,Vu60rknkuaNhvYUbTtAVKm35mNk=,lnkhRCErNv1eKqgi2zhjmVcj9y8=
-282,-15,Vu60rknkuaNhvYUbTtAVKm35mNk=,lnkhRCErNv1eKqgi2zhjmVcj9y8=
-284,-2,Vu60rknkuaNhvYUbTtAVKm35mNk=,lnkhRCErNv1eKqgi2zhjmVcj9y8=
-285,-2,Vu60rknkuaNhvYUbTtAVKm35mNk=,lnkhRCErNv1eKqgi2zhjmVcj9y8=
-282,-16,Vu60rknkuaNhvYUbTtAVKm35mNk=,lnkhRCErNv1eKqgi2zhjmVcj9y8=
-273,-3,Vu60rknkuaNhvYUbTtAVKm35mNk=,lnkhRCErNv1eKqgi2zhjmVcj9y8=
-285,-15,Vu60rknkuaNhvYUbTtAVKm35mNk=,lnkhRCErNv1eKqgi2zhjmVcj9y8=
-281,-14,Vu60rknkuaNhvYUbTtAVKm35mNk=,lnkhRCErNv1eKqgi2zhjmVcj9y8=
-288,-12,Vu60rknkuaNhvYUbTtAVKm35mNk=,lnkhRCErNv1eKqgi2zhjmVcj9y8=
-287,-12,Vu60rknkuaNhvYUbTtAVKm35mNk=,lnkhRCErNv1eKqgi2zhjmVcj9y8=
-286,-12,Vu60rknkuaNhvYUbTtAVKm35mNk=,lnkhRCErNv1eKqgi2zhjmVcj9y8=
-285,-12,Vu60rknkuaNhvYUbTtAVKm35mNk=,lnkhRCErNv1eKqgi2zhjmVcj9y8=
-284,-12,Vu60rknkuaNhvYUbTtAVKm35mNk=,lnkhRCErNv1eKqgi2zhjmVcj9y8=
-283,-12,Vu60rknkuaNhvYUbTtAVKm35mNk=,lnkhRCErNv1eKqgi2zhjmVcj9y8=
-282,-12,Vu60rknkuaNhvYUbTtAVKm35mNk=,lnkhRCErNv1eKqgi2zhjmVcj9y8=
-281,-12,Vu60rknkuaNhvYUbTtAVKm35mNk=,lnkhRCErNv1eKqgi2zhjmVcj9y8=
-280,-12,Vu60rknkuaNhvYUbTtAVKm35mNk=,lnkhRCErNv1eKqgi2zhjmVcj9y8=
-279,-12,Vu60rknkuaNhvYUbTtAVKm35mNk=,lnkhRCErNv1eKqgi2zhjmVcj9y8=
-278,-12,Vu60rknkuaNhvYUbTtAVKm35mNk=,lnkhRCErNv1eKqgi2zhjmVcj9y8=
-277,-12,Vu60rknkuaNhvYUbTtAVKm35mNk=,lnkhRCErNv1eKqgi2zhjmVcj9y8=
-276,-12,Vu60rknkuaNhvYUbTtAVKm35mNk=,lnkhRCErNv1eKqgi2zhjmVcj9y8=
-275,-12,Vu60rknkuaNhvYUbTtAVKm35mNk=,lnkhRCErNv1eKqgi2zhjmVcj9y8=
-288,-16,Vu60rknkuaNhvYUbTtAVKm35mNk=,lnkhRCErNv1eKqgi2zhjmVcj9y8=
-274,-12,Vu60rknkuaNhvYUbTtAVKm35mNk=,lnkhRCErNv1eKqgi2zhjmVcj9y8=
-281,-15,Vu60rknkuaNhvYUbTtAVKm35mNk=,lnkhRCErNv1eKqgi2zhjmVcj9y8=
-273,-12,Vu60rknkuaNhvYUbTtAVKm35mNk=,lnkhRCErNv1eKqgi2zhjmVcj9y8=
-286,-14,Vu60rknkuaNhvYUbTtAVKm35mNk=,lnkhRCErNv1eKqgi2zhjmVcj9y8=
-280,-14,Vu60rknkuaNhvYUbTtAVKm35mNk=,lnkhRCErNv1eKqgi2zhjmVcj9y8=
-275,-3,Vu60rknkuaNhvYUbTtAVKm35mNk=,lnkhRCErNv1eKqgi2zhjmVcj9y8=
-274,-3,Vu60rknkuaNhvYUbTtAVKm35mNk=,lnkhRCErNv1eKqgi2zhjmVcj9y8=
-281,-16,Vu60rknkuaNhvYUbTtAVKm35mNk=,lnkhRCErNv1eKqgi2zhjmVcj9y8=
-288,-11,Vu60rknkuaNhvYUbTtAVKm35mNk=,lnkhRCErNv1eKqgi2zhjmVcj9y8=
-287,-11,Vu60rknkuaNhvYUbTtAVKm35mNk=,lnkhRCErNv1eKqgi2zhjmVcj9y8=
-286,-11,Vu60rknkuaNhvYUbTtAVKm35mNk=,lnkhRCErNv1eKqgi2zhjmVcj9y8=
-285,-11,Vu60rknkuaNhvYUbTtAVKm35mNk=,lnkhRCErNv1eKqgi2zhjmVcj9y8=
-284,-11,Vu60rknkuaNhvYUbTtAVKm35mNk=,lnkhRCErNv1eKqgi2zhjmVcj9y8=
-283,-11,Vu60rknkuaNhvYUbTtAVKm35mNk=,lnkhRCErNv1eKqgi2zhjmVcj9y8=
-276,-3,Vu60rknkuaNhvYUbTtAVKm35mNk=,lnkhRCErNv1eKqgi2zhjmVcj9y8=
-282,-11,Vu60rknkuaNhvYUbTtAVKm35mNk=,lnkhRCErNv1eKqgi2zhjmVcj9y8=
-278,-3,Vu60rknkuaNhvYUbTtAVKm35mNk=,lnkhRCErNv1eKqgi2zhjmVcj9y8=
-281,-11,Vu60rknkuaNhvYUbTtAVKm35mNk=,lnkhRCErNv1eKqgi2zhjmVcj9y8=
-279,-3,Vu60rknkuaNhvYUbTtAVKm35mNk=,lnkhRCErNv1eKqgi2zhjmVcj9y8=
-280,-3,Vu60rknkuaNhvYUbTtAVKm35mNk=,lnkhRCErNv1eKqgi2zhjmVcj9y8=
-280,-11,Vu60rknkuaNhvYUbTtAVKm35mNk=,lnkhRCErNv1eKqgi2zhjmVcj9y8=
-277,-3,Vu60rknkuaNhvYUbTtAVKm35mNk=,lnkhRCErNv1eKqgi2zhjmVcj9y8=
-281,-3,Vu60rknkuaNhvYUbTtAVKm35mNk=,lnkhRCErNv1eKqgi2zhjmVcj9y8=
-279,-11,Vu60rknkuaNhvYUbTtAVKm35mNk=,lnkhRCErNv1eKqgi2zhjmVcj9y8=
-278,-11,Vu60rknkuaNhvYUbTtAVKm35mNk=,lnkhRCErNv1eKqgi2zhjmVcj9y8=
-282,-3,Vu60rknkuaNhvYUbTtAVKm35mNk=,lnkhRCErNv1eKqgi2zhjmVcj9y8=
-277,-11,Vu60rknkuaNhvYUbTtAVKm35mNk=,lnkhRCErNv1eKqgi2zhjmVcj9y8=
-276,-11,Vu60rknkuaNhvYUbTtAVKm35mNk=,lnkhRCErNv1eKqgi2zhjmVcj9y8=
-275,-11,Vu60rknkuaNhvYUbTtAVKm35mNk=,lnkhRCErNv1eKqgi2zhjmVcj9y8=
-283,-3,Vu60rknkuaNhvYUbTtAVKm35mNk=,lnkhRCErNv1eKqgi2zhjmVcj9y8=
-274,-11,Vu60rknkuaNhvYUbTtAVKm35mNk=,lnkhRCErNv1eKqgi2zhjmVcj9y8=
-284,-3,Vu60rknkuaNhvYUbTtAVKm35mNk=,lnkhRCErNv1eKqgi2zhjmVcj9y8=
-280,-15,Vu60rknkuaNhvYUbTtAVKm35mNk=,lnkhRCErNv1eKqgi2zhjmVcj9y8=
-273,-11,Vu60rknkuaNhvYUbTtAVKm35mNk=,lnkhRCErNv1eKqgi2zhjmVcj9y8=
-280,-16,Vu60rknkuaNhvYUbTtAVKm35mNk=,lnkhRCErNv1eKqgi2zhjmVcj9y8=
-286,-3,Vu60rknkuaNhvYUbTtAVKm35mNk=,lnkhRCErNv1eKqgi2zhjmVcj9y8=
-288,-10,Vu60rknkuaNhvYUbTtAVKm35mNk=,lnkhRCErNv1eKqgi2zhjmVcj9y8=
-279,-14,Vu60rknkuaNhvYUbTtAVKm35mNk=,lnkhRCErNv1eKqgi2zhjmVcj9y8=
-287,-10,Vu60rknkuaNhvYUbTtAVKm35mNk=,lnkhRCErNv1eKqgi2zhjmVcj9y8=
-286,-10,Vu60rknkuaNhvYUbTtAVKm35mNk=,lnkhRCErNv1eKqgi2zhjmVcj9y8=
-285,-10,Vu60rknkuaNhvYUbTtAVKm35mNk=,lnkhRCErNv1eKqgi2zhjmVcj9y8=
-284,-10,Vu60rknkuaNhvYUbTtAVKm35mNk=,lnkhRCErNv1eKqgi2zhjmVcj9y8=
-283,-10,Vu60rknkuaNhvYUbTtAVKm35mNk=,lnkhRCErNv1eKqgi2zhjmVcj9y8=
-282,-10,Vu60rknkuaNhvYUbTtAVKm35mNk=,lnkhRCErNv1eKqgi2zhjmVcj9y8=
-281,-10,Vu60rknkuaNhvYUbTtAVKm35mNk=,lnkhRCErNv1eKqgi2zhjmVcj9y8=
-286,-15,Vu60rknkuaNhvYUbTtAVKm35mNk=,lnkhRCErNv1eKqgi2zhjmVcj9y8=
-280,-10,Vu60rknkuaNhvYUbTtAVKm35mNk=,lnkhRCErNv1eKqgi2zhjmVcj9y8=
-287,-14,Vu60rknkuaNhvYUbTtAVKm35mNk=,lnkhRCErNv1eKqgi2zhjmVcj9y8=
-279,-10,Vu60rknkuaNhvYUbTtAVKm35mNk=,lnkhRCErNv1eKqgi2zhjmVcj9y8=
-273,-4,Vu60rknkuaNhvYUbTtAVKm35mNk=,lnkhRCErNv1eKqgi2zhjmVcj9y8=
-278,-10,Vu60rknkuaNhvYUbTtAVKm35mNk=,lnkhRCErNv1eKqgi2zhjmVcj9y8=
-275,-4,Vu60rknkuaNhvYUbTtAVKm35mNk=,lnkhRCErNv1eKqgi2zhjmVcj9y8=
-277,-10,Vu60rknkuaNhvYUbTtAVKm35mNk=,lnkhRCErNv1eKqgi2zhjmVcj9y8=
-276,-10,Vu60rknkuaNhvYUbTtAVKm35mNk=,lnkhRCErNv1eKqgi2zhjmVcj9y8=
-276,-4,Vu60rknkuaNhvYUbTtAVKm35mNk=,lnkhRCErNv1eKqgi2zhjmVcj9y8=
-275,-10,Vu60rknkuaNhvYUbTtAVKm35mNk=,lnkhRCErNv1eKqgi2zhjmVcj9y8=
-277,-4,Vu60rknkuaNhvYUbTtAVKm35mNk=,lnkhRCErNv1eKqgi2zhjmVcj9y8=
-274,-10,Vu60rknkuaNhvYUbTtAVKm35mNk=,lnkhRCErNv1eKqgi2zhjmVcj9y8=
-274,-4,Vu60rknkuaNhvYUbTtAVKm35mNk=,lnkhRCErNv1eKqgi2zhjmVcj9y8=
-278,-4,Vu60rknkuaNhvYUbTtAVKm35mNk=,lnkhRCErNv1eKqgi2zhjmVcj9y8=
-279,-15,Vu60rknkuaNhvYUbTtAVKm35mNk=,lnkhRCErNv1eKqgi2zhjmVcj9y8=
-279,-4,Vu60rknkuaNhvYUbTtAVKm35mNk=,lnkhRCErNv1eKqgi2zhjmVcj9y8=
-273,-10,Vu60rknkuaNhvYUbTtAVKm35mNk=,lnkhRCErNv1eKqgi2zhjmVcj9y8=
-280,-4,Vu60rknkuaNhvYUbTtAVKm35mNk=,lnkhRCErNv1eKqgi2zhjmVcj9y8=
-279,-16,Vu60rknkuaNhvYUbTtAVKm35mNk=,lnkhRCErNv1eKqgi2zhjmVcj9y8=
-281,-4,Vu60rknkuaNhvYUbTtAVKm35mNk=,lnkhRCErNv1eKqgi2zhjmVcj9y8=
-288,-9,Vu60rknkuaNhvYUbTtAVKm35mNk=,lnkhRCErNv1eKqgi2zhjmVcj9y8=
-282,-4,Vu60rknkuaNhvYUbTtAVKm35mNk=,lnkhRCErNv1eKqgi2zhjmVcj9y8=
-283,-4,Vu60rknkuaNhvYUbTtAVKm35mNk=,lnkhRCErNv1eKqgi2zhjmVcj9y8=
-284,-4,Vu60rknkuaNhvYUbTtAVKm35mNk=,lnkhRCErNv1eKqgi2zhjmVcj9y8=
-285,-4,Vu60rknkuaNhvYUbTtAVKm35mNk=,lnkhRCErNv1eKqgi2zhjmVcj9y8=
-287,-9,Vu60rknkuaNhvYUbTtAVKm35mNk=,lnkhRCErNv1eKqgi2zhjmVcj9y8=
-278,-14,Vu60rknkuaNhvYUbTtAVKm35mNk=,lnkhRCErNv1eKqgi2zhjmVcj9y8=
-286,-9,Vu60rknkuaNhvYUbTtAVKm35mNk=,lnkhRCErNv1eKqgi2zhjmVcj9y8=
-285,-9,Vu60rknkuaNhvYUbTtAVKm35mNk=,lnkhRCErNv1eKqgi2zhjmVcj9y8=
-273,-16,Vu60rknkuaNhvYUbTtAVKm35mNk=,lnkhRCErNv1eKqgi2zhjmVcj9y8=
-288,-13,Vu60rknkuaNhvYUbTtAVKm35mNk=,lnkhRCErNv1eKqgi2zhjmVcj9y8=
-288,-15,Vu60rknkuaNhvYUbTtAVKm35mNk=,lnkhRCErNv1eKqgi2zhjmVcj9y8=
-287,-15,Vu60rknkuaNhvYUbTtAVKm35mNk=,lnkhRCErNv1eKqgi2zhjmVcj9y8=
-284,-9,Vu60rknkuaNhvYUbTtAVKm35mNk=,lnkhRCErNv1eKqgi2zhjmVcj9y8=
-286,-16,Vu60rknkuaNhvYUbTtAVKm35mNk=,lnkhRCErNv1eKqgi2zhjmVcj9y8=
-288,-14,Vu60rknkuaNhvYUbTtAVKm35mNk=,lnkhRCErNv1eKqgi2zhjmVcj9y8=
-283,-9,Vu60rknkuaNhvYUbTtAVKm35mNk=,lnkhRCErNv1eKqgi2zhjmVcj9y8=
-274,-16,Vu60rknkuaNhvYUbTtAVKm35mNk=,lnkhRCErNv1eKqgi2zhjmVcj9y8=
-273,-14,Vu60rknkuaNhvYUbTtAVKm35mNk=,lnkhRCErNv1eKqgi2zhjmVcj9y8=
-282,-9,Vu60rknkuaNhvYUbTtAVKm35mNk=,lnkhRCErNv1eKqgi2zhjmVcj9y8=
-273,-15,Vu60rknkuaNhvYUbTtAVKm35mNk=,lnkhRCErNv1eKqgi2zhjmVcj9y8=
-281,-9,Vu60rknkuaNhvYUbTtAVKm35mNk=,lnkhRCErNv1eKqgi2zhjmVcj9y8=
-273,-5,Vu60rknkuaNhvYUbTtAVKm35mNk=,lnkhRCErNv1eKqgi2zhjmVcj9y8=
-280,-9,Vu60rknkuaNhvYUbTtAVKm35mNk=,lnkhRCErNv1eKqgi2zhjmVcj9y8=
-274,-15,Vu60rknkuaNhvYUbTtAVKm35mNk=,lnkhRCErNv1eKqgi2zhjmVcj9y8=
-279,-9,Vu60rknkuaNhvYUbTtAVKm35mNk=,lnkhRCErNv1eKqgi2zhjmVcj9y8=
-274,-5,Vu60rknkuaNhvYUbTtAVKm35mNk=,lnkhRCErNv1eKqgi2zhjmVcj9y8=
-278,-9,Vu60rknkuaNhvYUbTtAVKm35mNk=,lnkhRCErNv1eKqgi2zhjmVcj9y8=
-275,-5,Vu60rknkuaNhvYUbTtAVKm35mNk=,lnkhRCErNv1eKqgi2zhjmVcj9y8=
-277,-9,Vu60rknkuaNhvYUbTtAVKm35mNk=,lnkhRCErNv1eKqgi2zhjmVcj9y8=
-276,-5,Vu60rknkuaNhvYUbTtAVKm35mNk=,lnkhRCErNv1eKqgi2zhjmVcj9y8=
-276,-9,Vu60rknkuaNhvYUbTtAVKm35mNk=,lnkhRCErNv1eKqgi2zhjmVcj9y8=
-277,-5,Vu60rknkuaNhvYUbTtAVKm35mNk=,lnkhRCErNv1eKqgi2zhjmVcj9y8=
-275,-9,Vu60rknkuaNhvYUbTtAVKm35mNk=,lnkhRCErNv1eKqgi2zhjmVcj9y8=
-278,-5,Vu60rknkuaNhvYUbTtAVKm35mNk=,lnkhRCErNv1eKqgi2zhjmVcj9y8=
-279,-5,Vu60rknkuaNhvYUbTtAVKm35mNk=,lnkhRCErNv1eKqgi2zhjmVcj9y8=
-280,-5,Vu60rknkuaNhvYUbTtAVKm35mNk=,lnkhRCErNv1eKqgi2zhjmVcj9y8=
-274,-9,Vu60rknkuaNhvYUbTtAVKm35mNk=,lnkhRCErNv1eKqgi2zhjmVcj9y8=
-281,-5,Vu60rknkuaNhvYUbTtAVKm35mNk=,lnkhRCErNv1eKqgi2zhjmVcj9y8=
-282,-5,Vu60rknkuaNhvYUbTtAVKm35mNk=,lnkhRCErNv1eKqgi2zhjmVcj9y8=
-273,-9,Vu60rknkuaNhvYUbTtAVKm35mNk=,lnkhRCErNv1eKqgi2zhjmVcj9y8=
-283,-5,Vu60rknkuaNhvYUbTtAVKm35mNk=,lnkhRCErNv1eKqgi2zhjmVcj9y8=
-284,-5,Vu60rknkuaNhvYUbTtAVKm35mNk=,lnkhRCErNv1eKqgi2zhjmVcj9y8=
-285,-5,Vu60rknkuaNhvYUbTtAVKm35mNk=,lnkhRCErNv1eKqgi2zhjmVcj9y8=
-278,-15,Vu60rknkuaNhvYUbTtAVKm35mNk=,lnkhRCErNv1eKqgi2zhjmVcj9y8=
-286,-5,Vu60rknkuaNhvYUbTtAVKm35mNk=,lnkhRCErNv1eKqgi2zhjmVcj9y8=
-288,-5,Vu60rknkuaNhvYUbTtAVKm35mNk=,lnkhRCErNv1eKqgi2zhjmVcj9y8=
-287,-5,Vu60rknkuaNhvYUbTtAVKm35mNk=,lnkhRCErNv1eKqgi2zhjmVcj9y8=
-288,-8,Vu60rknkuaNhvYUbTtAVKm35mNk=,lnkhRCErNv1eKqgi2zhjmVcj9y8=
-275,-16,Vu60rknkuaNhvYUbTtAVKm35mNk=,lnkhRCErNv1eKqgi2zhjmVcj9y8=
-274,-14,Vu60rknkuaNhvYUbTtAVKm35mNk=,lnkhRCErNv1eKqgi2zhjmVcj9y8=
-275,-15,Vu60rknkuaNhvYUbTtAVKm35mNk=,lnkhRCErNv1eKqgi2zhjmVcj9y8=
-273,-6,Vu60rknkuaNhvYUbTtAVKm35mNk=,lnkhRCErNv1eKqgi2zhjmVcj9y8=
-278,-16,Vu60rknkuaNhvYUbTtAVKm35mNk=,lnkhRCErNv1eKqgi2zhjmVcj9y8=
-274,-6,Vu60rknkuaNhvYUbTtAVKm35mNk=,lnkhRCErNv1eKqgi2zhjmVcj9y8=
-275,-6,Vu60rknkuaNhvYUbTtAVKm35mNk=,lnkhRCErNv1eKqgi2zhjmVcj9y8=
-277,-14,Vu60rknkuaNhvYUbTtAVKm35mNk=,lnkhRCErNv1eKqgi2zhjmVcj9y8=
-287,-8,Vu60rknkuaNhvYUbTtAVKm35mNk=,lnkhRCErNv1eKqgi2zhjmVcj9y8=
-277,-6,Vu60rknkuaNhvYUbTtAVKm35mNk=,lnkhRCErNv1eKqgi2zhjmVcj9y8=
-276,-6,Vu60rknkuaNhvYUbTtAVKm35mNk=,lnkhRCErNv1eKqgi2zhjmVcj9y8=
-286,-8,Vu60rknkuaNhvYUbTtAVKm35mNk=,lnkhRCErNv1eKqgi2zhjmVcj9y8=
-285,-8,Vu60rknkuaNhvYUbTtAVKm35mNk=,lnkhRCErNv1eKqgi2zhjmVcj9y8=
-278,-6,Vu60rknkuaNhvYUbTtAVKm35mNk=,lnkhRCErNv1eKqgi2zhjmVcj9y8=
-283,-8,Vu60rknkuaNhvYUbTtAVKm35mNk=,lnkhRCErNv1eKqgi2zhjmVcj9y8=
-282,-8,Vu60rknkuaNhvYUbTtAVKm35mNk=,lnkhRCErNv1eKqgi2zhjmVcj9y8=
-284,-8,Vu60rknkuaNhvYUbTtAVKm35mNk=,lnkhRCErNv1eKqgi2zhjmVcj9y8=
-280,-8,Vu60rknkuaNhvYUbTtAVKm35mNk=,lnkhRCErNv1eKqgi2zhjmVcj9y8=
-279,-6,Vu60rknkuaNhvYUbTtAVKm35mNk=,lnkhRCErNv1eKqgi2zhjmVcj9y8=
-279,-8,Vu60rknkuaNhvYUbTtAVKm35mNk=,lnkhRCErNv1eKqgi2zhjmVcj9y8=
-281,-6,Vu60rknkuaNhvYUbTtAVKm35mNk=,lnkhRCErNv1eKqgi2zhjmVcj9y8=
-281,-8,Vu60rknkuaNhvYUbTtAVKm35mNk=,lnkhRCErNv1eKqgi2zhjmVcj9y8=
-280,-6,Vu60rknkuaNhvYUbTtAVKm35mNk=,lnkhRCErNv1eKqgi2zhjmVcj9y8=
-283,-6,Vu60rknkuaNhvYUbTtAVKm35mNk=,lnkhRCErNv1eKqgi2zhjmVcj9y8=
-282,-6,Vu60rknkuaNhvYUbTtAVKm35mNk=,lnkhRCErNv1eKqgi2zhjmVcj9y8=
-277,-8,Vu60rknkuaNhvYUbTtAVKm35mNk=,lnkhRCErNv1eKqgi2zhjmVcj9y8=
-276,-8,Vu60rknkuaNhvYUbTtAVKm35mNk=,lnkhRCErNv1eKqgi2zhjmVcj9y8=
-284,-6,Vu60rknkuaNhvYUbTtAVKm35mNk=,lnkhRCErNv1eKqgi2zhjmVcj9y8=
-278,-8,Vu60rknkuaNhvYUbTtAVKm35mNk=,lnkhRCErNv1eKqgi2zhjmVcj9y8=
-275,-8,Vu60rknkuaNhvYUbTtAVKm35mNk=,lnkhRCErNv1eKqgi2zhjmVcj9y8=
-274,-8,Vu60rknkuaNhvYUbTtAVKm35mNk=,lnkhRCErNv1eKqgi2zhjmVcj9y8=
-285,-6,Vu60rknkuaNhvYUbTtAVKm35mNk=,lnkhRCErNv1eKqgi2zhjmVcj9y8=
-286,-6,Vu60rknkuaNhvYUbTtAVKm35mNk=,lnkhRCErNv1eKqgi2zhjmVcj9y8=
-287,-6,Vu60rknkuaNhvYUbTtAVKm35mNk=,lnkhRCErNv1eKqgi2zhjmVcj9y8=
-273,-8,Vu60rknkuaNhvYUbTtAVKm35mNk=,lnkhRCErNv1eKqgi2zhjmVcj9y8=
-276,-16,Vu60rknkuaNhvYUbTtAVKm35mNk=,lnkhRCErNv1eKqgi2zhjmVcj9y8=
-275,-14,Vu60rknkuaNhvYUbTtAVKm35mNk=,lnkhRCErNv1eKqgi2zhjmVcj9y8=
-288,-6,Vu60rknkuaNhvYUbTtAVKm35mNk=,lnkhRCErNv1eKqgi2zhjmVcj9y8=
-277,-15,Vu60rknkuaNhvYUbTtAVKm35mNk=,lnkhRCErNv1eKqgi2zhjmVcj9y8=
-276,-15,Vu60rknkuaNhvYUbTtAVKm35mNk=,lnkhRCErNv1eKqgi2zhjmVcj9y8=
-288,-7,Vu60rknkuaNhvYUbTtAVKm35mNk=,lnkhRCErNv1eKqgi2zhjmVcj9y8=
-273,-7,Vu60rknkuaNhvYUbTtAVKm35mNk=,lnkhRCErNv1eKqgi2zhjmVcj9y8=
-276,-14,Vu60rknkuaNhvYUbTtAVKm35mNk=,lnkhRCErNv1eKqgi2zhjmVcj9y8=
-275,-7,Vu60rknkuaNhvYUbTtAVKm35mNk=,lnkhRCErNv1eKqgi2zhjmVcj9y8=
-274,-7,Vu60rknkuaNhvYUbTtAVKm35mNk=,lnkhRCErNv1eKqgi2zhjmVcj9y8=
-277,-16,Vu60rknkuaNhvYUbTtAVKm35mNk=,lnkhRCErNv1eKqgi2zhjmVcj9y8=
-276,-7,Vu60rknkuaNhvYUbTtAVKm35mNk=,lnkhRCErNv1eKqgi2zhjmVcj9y8=
-277,-7,Vu60rknkuaNhvYUbTtAVKm35mNk=,lnkhRCErNv1eKqgi2zhjmVcj9y8=
-287,-7,Vu60rknkuaNhvYUbTtAVKm35mNk=,lnkhRCErNv1eKqgi2zhjmVcj9y8=
-278,-7,Vu60rknkuaNhvYUbTtAVKm35mNk=,lnkhRCErNv1eKqgi2zhjmVcj9y8=
-279,-7,Vu60rknkuaNhvYUbTtAVKm35mNk=,lnkhRCErNv1eKqgi2zhjmVcj9y8=
-286,-7,Vu60rknkuaNhvYUbTtAVKm35mNk=,lnkhRCErNv1eKqgi2zhjmVcj9y8=
-280,-7,Vu60rknkuaNhvYUbTtAVKm35mNk=,lnkhRCErNv1eKqgi2zhjmVcj9y8=
-281,-7,Vu60rknkuaNhvYUbTtAVKm35mNk=,lnkhRCErNv1eKqgi2zhjmVcj9y8=
-285,-7,Vu60rknkuaNhvYUbTtAVKm35mNk=,lnkhRCErNv1eKqgi2zhjmVcj9y8=
-283,-7,Vu60rknkuaNhvYUbTtAVKm35mNk=,lnkhRCErNv1eKqgi2zhjmVcj9y8=
-282,-7,Vu60rknkuaNhvYUbTtAVKm35mNk=,lnkhRCErNv1eKqgi2zhjmVcj9y8=
-281,-1,Vu60rknkuaNhvYUbTtAVKm35mNk=,lnkhRCErNv1eKqgi2zhjmVcj9y8=
-284,-7,Vu60rknkuaNhvYUbTtAVKm35mNk=,lnkhRCErNv1eKqgi2zhjmVcj9y8=
-274,-1,Vu60rknkuaNhvYUbTtAVKm35mNk=,lnkhRCErNv1eKqgi2zhjmVcj9y8=
-277,-1,Vu60rknkuaNhvYUbTtAVKm35mNk=,lnkhRCErNv1eKqgi2zhjmVcj9y8=
-274,-2,Vu60rknkuaNhvYUbTtAVKm35mNk=,lnkhRCErNv1eKqgi2zhjmVcj9y8=
-273,-1,Vu60rknkuaNhvYUbTtAVKm35mNk=,lnkhRCErNv1eKqgi2zhjmVcj9y8=
-275,-1,Vu60rknkuaNhvYUbTtAVKm35mNk=,lnkhRCErNv1eKqgi2zhjmVcj9y8=
-279,-1,Vu60rknkuaNhvYUbTtAVKm35mNk=,lnkhRCErNv1eKqgi2zhjmVcj9y8=
-285,-3,Vu60rknkuaNhvYUbTtAVKm35mNk=,lnkhRCErNv1eKqgi2zhjmVcj9y8=
-278,-1,Vu60rknkuaNhvYUbTtAVKm35mNk=,lnkhRCErNv1eKqgi2zhjmVcj9y8=
-276,-1,Vu60rknkuaNhvYUbTtAVKm35mNk=,lnkhRCErNv1eKqgi2zhjmVcj9y8=
-281,-2,Vu60rknkuaNhvYUbTtAVKm35mNk=,lnkhRCErNv1eKqgi2zhjmVcj9y8=
-287,-4,Vu60rknkuaNhvYUbTtAVKm35mNk=,lnkhRCErNv1eKqgi2zhjmVcj9y8=
-286,-4,Vu60rknkuaNhvYUbTtAVKm35mNk=,lnkhRCErNv1eKqgi2zhjmVcj9y8=
-288,-3,Vu60rknkuaNhvYUbTtAVKm35mNk=,lnkhRCErNv1eKqgi2zhjmVcj9y8=
-286,-2,Vu60rknkuaNhvYUbTtAVKm35mNk=,lnkhRCErNv1eKqgi2zhjmVcj9y8=
-287,-2,Vu60rknkuaNhvYUbTtAVKm35mNk=,lnkhRCErNv1eKqgi2zhjmVcj9y8=
-287,-1,Vu60rknkuaNhvYUbTtAVKm35mNk=,lnkhRCErNv1eKqgi2zhjmVcj9y8=
-288,-4,Vu60rknkuaNhvYUbTtAVKm35mNk=,lnkhRCErNv1eKqgi2zhjmVcj9y8=
-282,-1,Vu60rknkuaNhvYUbTtAVKm35mNk=,lnkhRCErNv1eKqgi2zhjmVcj9y8=
-285,-1,Vu60rknkuaNhvYUbTtAVKm35mNk=,lnkhRCErNv1eKqgi2zhjmVcj9y8=
-280,-1,Vu60rknkuaNhvYUbTtAVKm35mNk=,lnkhRCErNv1eKqgi2zhjmVcj9y8=
-288,-1,Vu60rknkuaNhvYUbTtAVKm35mNk=,lnkhRCErNv1eKqgi2zhjmVcj9y8=
-288,-2,Vu60rknkuaNhvYUbTtAVKm35mNk=,lnkhRCErNv1eKqgi2zhjmVcj9y8=
-284,-1,Vu60rknkuaNhvYUbTtAVKm35mNk=,lnkhRCErNv1eKqgi2zhjmVcj9y8=
-283,-1,Vu60rknkuaNhvYUbTtAVKm35mNk=,lnkhRCErNv1eKqgi2zhjmVcj9y8=
-286,-1,Vu60rknkuaNhvYUbTtAVKm35mNk=,lnkhRCErNv1eKqgi2zhjmVcj9y8=
-287,-3,Vu60rknkuaNhvYUbTtAVKm35mNk=,lnkhRCErNv1eKqgi2zhjmVcj9y8=
