17,-3,W6mauLchQTWf3xsXDBSbk5+uja8=,imPGqVTfdy7o5O+r6sSB+lROGm8=
17,-4,W6mauLchQTWf3xsXDBSbk5+uja8=,imPGqVTfdy7o5O+r6sSB+lROGm8=
17,-2,W6mauLchQTWf3xsXDBSbk5+uja8=,imPGqVTfdy7o5O+r6sSB+lROGm8=
16,-4,qkbRslVYRHjpX2FSY9HZ3jNJSXM=,imPGqVTfdy7o5O+r6sSB+lROGm8=
16,-3,qkbRslVYRHjpX2FSY9HZ3jNJSXM=,imPGqVTfdy7o5O+r6sSB+lROGm8=
16,-2,qkbRslVYRHjpX2FSY9HZ3jNJSXM=,imPGqVTfdy7o5O+r6sSB+lROGm8=
16,-1,qkbRslVYRHjpX2FSY9HZ3jNJSXM=,imPGqVTfdy7o5O+r6sSB+lROGm8=
15,-1,qkbRslVYRHjpX2FSY9HZ3jNJSXM=,EX4BOEMf08MPWVucUQ3dohzsp5o=
15,-2,qkbRslVYRHjpX2FSY9HZ3jNJSXM=,EX4BOEMf08MPWVucUQ3dohzsp5o=
15,-3,qkbRslVYRHjpX2FSY9HZ3jNJSXM=,EX4BOEMf08MPWVucUQ3dohzsp5o=
14,-2,qkbRslVYRHjpX2FSY9HZ3jNJSXM=,EX4BOEMf08MPWVucUQ3dohzsp5o=
14,-1,qkbRslVYRHjpX2FSY9HZ3jNJSXM=,EX4BOEMf08MPWVucUQ3dohzsp5o=
14,-3,qkbRslVYRHjpX2FSY9HZ3jNJSXM=,EX4BOEMf08MPWVucUQ3dohzsp5o=
13,-3,qkbRslVYRHjpX2FSY9HZ3jNJSXM=,EX4BOEMf08MPWVucUQ3dohzsp5o=
13,-4,qkbRslVYRHjpX2FSY9HZ3jNJSXM=,EX4BOEMf08MPWVucUQ3dohzsp5o=
13,-1,qkbRslVYRHjpX2FSY9HZ3jNJSXM=,EX4BOEMf08MPWVucUQ3dohzsp5o=
13,-2,qkbRslVYRHjpX2FSY9HZ3jNJSXM=,EX4BOEMf08MPWVucUQ3dohzsp5o=
12,-4,qkbRslVYRHjpX2FSY9HZ3jNJSXM=,EX4BOEMf08MPWVucUQ3dohzsp5o=
12,-3,qkbRslVYRHjpX2FSY9HZ3jNJSXM=,EX4BOEMf08MPWVucUQ3dohzsp5o=
12,-2,qkbRslVYRHjpX2FSY9HZ3jNJSXM=,EX4BOEMf08MPWVucUQ3dohzsp5o=
12,-1,qkbRslVYRHjpX2FSY9HZ3jNJSXM=,EX4BOEMf08MPWVucUQ3dohzsp5o=
12,-5,qkbRslVYRHjpX2FSY9HZ3jNJSXM=,EX4BOEMf08MPWVucUQ3dohzsp5o=
11,-5,qkbRslVYRHjpX2FSY9HZ3jNJSXM=,EX4BOEMf08MPWVucUQ3dohzsp5o=
11,-1,qkbRslVYRHjpX2FSY9HZ3jNJSXM=,EX4BOEMf08MPWVucUQ3dohzsp5o=
11,-2,qkbRslVYRHjpX2FSY9HZ3jNJSXM=,EX4BOEMf08MPWVucUQ3dohzsp5o=
10,-5,qkbRslVYRHjpX2FSY9HZ3jNJSXM=,EX4BOEMf08MPWVucUQ3dohzsp5o=
10,-2,qkbRslVYRHjpX2FSY9HZ3jNJSXM=,EX4BOEMf08MPWVucUQ3dohzsp5o=
10,-1,qkbRslVYRHjpX2FSY9HZ3jNJSXM=,EX4BOEMf08MPWVucUQ3dohzsp5o=
9,-5,qkbRslVYRHjpX2FSY9HZ3jNJSXM=,EX4BOEMf08MPWVucUQ3dohzsp5o=
9,-1,qkbRslVYRHjpX2FSY9HZ3jNJSXM=,EX4BOEMf08MPWVucUQ3dohzsp5o=
9,-2,qkbRslVYRHjpX2FSY9HZ3jNJSXM=,EX4BOEMf08MPWVucUQ3dohzsp5o=
8,-5,qkbRslVYRHjpX2FSY9HZ3jNJSXM=,EX4BOEMf08MPWVucUQ3dohzsp5o=
8,-2,qkbRslVYRHjpX2FSY9HZ3jNJSXM=,EX4BOEMf08MPWVucUQ3dohzsp5o=
8,-1,qkbRslVYRHjpX2FSY9HZ3jNJSXM=,EX4BOEMf08MPWVucUQ3dohzsp5o=
7,-1,qkbRslVYRHjpX2FSY9HZ3jNJSXM=,fQNYkLYvMyV8Mkl0gn83VUK6WHA=
7,-2,qkbRslVYRHjpX2FSY9HZ3jNJSXM=,fQNYkLYvMyV8Mkl0gn83VUK6WHA=
7,-5,qkbRslVYRHjpX2FSY9HZ3jNJSXM=,fQNYkLYvMyV8Mkl0gn83VUK6WHA=
6,-2,qkbRslVYRHjpX2FSY9HZ3jNJSXM=,fQNYkLYvMyV8Mkl0gn83VUK6WHA=
6,-1,qkbRslVYRHjpX2FSY9HZ3jNJSXM=,fQNYkLYvMyV8Mkl0gn83VUK6WHA=
6,-4,qkbRslVYRHjpX2FSY9HZ3jNJSXM=,fQNYkLYvMyV8Mkl0gn83VUK6WHA=
6,-5,qkbRslVYRHjpX2FSY9HZ3jNJSXM=,fQNYkLYvMyV8Mkl0gn83VUK6WHA=
5,-9,qkbRslVYRHjpX2FSY9HZ3jNJSXM=,fQNYkLYvMyV8Mkl0gn83VUK6WHA=
5,-1,qkbRslVYRHjpX2FSY9HZ3jNJSXM=,fQNYkLYvMyV8Mkl0gn83VUK6WHA=
5,-2,qkbRslVYRHjpX2FSY9HZ3jNJSXM=,fQNYkLYvMyV8Mkl0gn83VUK6WHA=
5,-7,jK4od4GubjT+n6UOE7FSVZG1K8s=,fQNYkLYvMyV8Mkl0gn83VUK6WHA=
5,-8,jK4od4GubjT+n6UOE7FSVZG1K8s=,fQNYkLYvMyV8Mkl0gn83VUK6WHA=
5,-5,jK4od4GubjT+n6UOE7FSVZG1K8s=,fQNYkLYvMyV8Mkl0gn83VUK6WHA=
5,-6,jK4od4GubjT+n6UOE7FSVZG1K8s=,fQNYkLYvMyV8Mkl0gn83VUK6WHA=
4,-9,jK4od4GubjT+n6UOE7FSVZG1K8s=,fQNYkLYvMyV8Mkl0gn83VUK6WHA=
4,-2,jK4od4GubjT+n6UOE7FSVZG1K8s=,fQNYkLYvMyV8Mkl0gn83VUK6WHA=
4,-1,jK4od4GubjT+n6UOE7FSVZG1K8s=,fQNYkLYvMyV8Mkl0gn83VUK6WHA=
4,-8,jK4od4GubjT+n6UOE7FSVZG1K8s=,fQNYkLYvMyV8Mkl0gn83VUK6WHA=
4,-7,jK4od4GubjT+n6UOE7FSVZG1K8s=,fQNYkLYvMyV8Mkl0gn83VUK6WHA=
4,-6,jK4od4GubjT+n6UOE7FSVZG1K8s=,fQNYkLYvMyV8Mkl0gn83VUK6WHA=
3,-9,jK4od4GubjT+n6UOE7FSVZG1K8s=,fQNYkLYvMyV8Mkl0gn83VUK6WHA=
3,-1,jK4od4GubjT+n6UOE7FSVZG1K8s=,fQNYkLYvMyV8Mkl0gn83VUK6WHA=
3,-2,jK4od4GubjT+n6UOE7FSVZG1K8s=,fQNYkLYvMyV8Mkl0gn83VUK6WHA=
2,-9,jK4od4GubjT+n6UOE7FSVZG1K8s=,fQNYkLYvMyV8Mkl0gn83VUK6WHA=
2,-6,jK4od4GubjT+n6UOE7FSVZG1K8s=,HAgnA42Jzx8BdWS4WRyBys/i4Uc=
2,-5,jK4od4GubjT+n6UOE7FSVZG1K8s=,61ln+x6ILWlwb2vLJ0AWqNpx0sE=
2,-8,jK4od4GubjT+n6UOE7FSVZG1K8s=,fQNYkLYvMyV8Mkl0gn83VUK6WHA=
2,-7,jK4od4GubjT+n6UOE7FSVZG1K8s=,fQNYkLYvMyV8Mkl0gn83VUK6WHA=
2,-2,jK4od4GubjT+n6UOE7FSVZG1K8s=,fQNYkLYvMyV8Mkl0gn83VUK6WHA=
2,-1,jK4od4GubjT+n6UOE7FSVZG1K8s=,fQNYkLYvMyV8Mkl0gn83VUK6WHA=
2,-4,jK4od4GubjT+n6UOE7FSVZG1K8s=,fQNYkLYvMyV8Mkl0gn83VUK6WHA=
2,-3,jK4od4GubjT+n6UOE7FSVZG1K8s=,fQNYkLYvMyV8Mkl0gn83VUK6WHA=
1,-9,jK4od4GubjT+n6UOE7FSVZG1K8s=,fQNYkLYvMyV8Mkl0gn83VUK6WHA=
1,-7,jK4od4GubjT+n6UOE7FSVZG1K8s=,HAgnA42Jzx8BdWS4WRyBys/i4Uc=
1,-5,jK4od4GubjT+n6UOE7FSVZG1K8s=,61ln+x6ILWlwb2vLJ0AWqNpx0sE=
1,-6,jK4od4GubjT+n6UOE7FSVZG1K8s=,0h+Oy15ZVRChouzOKuVlYOD1GKk=
1,-3,jK4od4GubjT+n6UOE7FSVZG1K8s=,fQNYkLYvMyV8Mkl0gn83VUK6WHA=
1,-4,jK4od4GubjT+n6UOE7FSVZG1K8s=,fQNYkLYvMyV8Mkl0gn83VUK6WHA=
1,-1,jK4od4GubjT+n6UOE7FSVZG1K8s=,fQNYkLYvMyV8Mkl0gn83VUK6WHA=
1,-2,jK4od4GubjT+n6UOE7FSVZG1K8s=,fQNYkLYvMyV8Mkl0gn83VUK6WHA=
0,-9,jK4od4GubjT+n6UOE7FSVZG1K8s=,fQNYkLYvMyV8Mkl0gn83VUK6WHA=
0,-8,jK4od4GubjT+n6UOE7FSVZG1K8s=,fQNYkLYvMyV8Mkl0gn83VUK6WHA=
0,-7,jK4od4GubjT+n6UOE7FSVZG1K8s=,fQNYkLYvMyV8Mkl0gn83VUK6WHA=
0,-6,jK4od4GubjT+n6UOE7FSVZG1K8s=,P1LQOZ1zAhfUF5HrL4m6nXBCwbY=
0,-5,jK4od4GubjT+n6UOE7FSVZG1K8s=,4LC1QlIafiWKHZ0LVAFkPKb1p+c=
0,-4,jK4od4GubjT+n6UOE7FSVZG1K8s=,fQNYkLYvMyV8Mkl0gn83VUK6WHA=
0,-3,jK4od4GubjT+n6UOE7FSVZG1K8s=,fQNYkLYvMyV8Mkl0gn83VUK6WHA=
0,-2,jK4od4GubjT+n6UOE7FSVZG1K8s=,fQNYkLYvMyV8Mkl0gn83VUK6WHA=
0,-1,jK4od4GubjT+n6UOE7FSVZG1K8s=,fQNYkLYvMyV8Mkl0gn83VUK6WHA=
25,-7,jK4od4GubjT+n6UOE7FSVZG1K8s=,CaxTxxmCLFQYjTlAY49xdlDiCpQ=
25,-8,jK4od4GubjT+n6UOE7FSVZG1K8s=,CaxTxxmCLFQYjTlAY49xdlDiCpQ=
25,-6,jK4od4GubjT+n6UOE7FSVZG1K8s=,CaxTxxmCLFQYjTlAY49xdlDiCpQ=
24,-8,jK4od4GubjT+n6UOE7FSVZG1K8s=,CaxTxxmCLFQYjTlAY49xdlDiCpQ=
24,-7,jK4od4GubjT+n6UOE7FSVZG1K8s=,CaxTxxmCLFQYjTlAY49xdlDiCpQ=
24,-6,jK4od4GubjT+n6UOE7FSVZG1K8s=,CaxTxxmCLFQYjTlAY49xdlDiCpQ=
24,-5,jK4od4GubjT+n6UOE7FSVZG1K8s=,CaxTxxmCLFQYjTlAY49xdlDiCpQ=
23,-5,jK4od4GubjT+n6UOE7FSVZG1K8s=,imPGqVTfdy7o5O+r6sSB+lROGm8=
23,-6,jK4od4GubjT+n6UOE7FSVZG1K8s=,imPGqVTfdy7o5O+r6sSB+lROGm8=
23,-7,jK4od4GubjT+n6UOE7FSVZG1K8s=,imPGqVTfdy7o5O+r6sSB+lROGm8=
22,-5,jK4od4GubjT+n6UOE7FSVZG1K8s=,imPGqVTfdy7o5O+r6sSB+lROGm8=
21,-5,jK4od4GubjT+n6UOE7FSVZG1K8s=,imPGqVTfdy7o5O+r6sSB+lROGm8=
21,-6,jK4od4GubjT+n6UOE7FSVZG1K8s=,imPGqVTfdy7o5O+r6sSB+lROGm8=
20,-2,jK4od4GubjT+n6UOE7FSVZG1K8s=,imPGqVTfdy7o5O+r6sSB+lROGm8=
20,-1,jK4od4GubjT+n6UOE7FSVZG1K8s=,imPGqVTfdy7o5O+r6sSB+lROGm8=
20,-6,jK4od4GubjT+n6UOE7FSVZG1K8s=,imPGqVTfdy7o5O+r6sSB+lROGm8=
20,-5,jK4od4GubjT+n6UOE7FSVZG1K8s=,imPGqVTfdy7o5O+r6sSB+lROGm8=
19,-5,jK4od4GubjT+n6UOE7FSVZG1K8s=,imPGqVTfdy7o5O+r6sSB+lROGm8=
19,-1,jK4od4GubjT+n6UOE7FSVZG1K8s=,imPGqVTfdy7o5O+r6sSB+lROGm8=
19,-2,jK4od4GubjT+n6UOE7FSVZG1K8s=,imPGqVTfdy7o5O+r6sSB+lROGm8=
19,-3,jK4od4GubjT+n6UOE7FSVZG1K8s=,imPGqVTfdy7o5O+r6sSB+lROGm8=
18,-5,jK4od4GubjT+n6UOE7FSVZG1K8s=,imPGqVTfdy7o5O+r6sSB+lROGm8=
18,-1,jK4od4GubjT+n6UOE7FSVZG1K8s=,imPGqVTfdy7o5O+r6sSB+lROGm8=
18,-4,jK4od4GubjT+n6UOE7FSVZG1K8s=,imPGqVTfdy7o5O+r6sSB+lROGm8=
18,-3,jK4od4GubjT+n6UOE7FSVZG1K8s=,imPGqVTfdy7o5O+r6sSB+lROGm8=
